state_po,swing_house,swing_senate,latest_year,latest_period,latest_period_name,unemployment_rate_latest,unemployment_rate_prev_year,unemployment_yoy_change
AZ,True,False,2026,M08,August,5.6,4.9,0.7
CA,True,False,2026,M08,August,5.4,5.8,-0.4
MI,True,True,2026,M08,August,5.2,4.9,0.3
OR,True,False,2026,M08,August,5.1,5.5,-0.4
NM,True,True,2026,M08,August,4.9,4.2,0.7
IL,True,False,2026,M08,August,4.9,4.6,0.3
MN,True,True,2026,M08,August,4.8,4.0,0.8
CT,True,False,2026,M08,August,4.7,4.1,0.6
NJ,True,False,2026,M08,August,4.7,5.8,-1.1
WA,True,False,2026,M08,August,4.7,4.7,0.0
FL,True,False,2026,M08,August,4.6,4.3,0.3
CO,True,True,2026,M08,August,4.6,3.9,0.7
NY,True,False,2026,M08,August,4.6,4.9,-0.3
TX,True,True,2026,M08,August,4.6,4.6,0.0
NV,True,False,2026,M08,August,4.5,5.3,-0.8
PA,True,False,2026,M08,August,4.1,5.2,-1.1
AL,True,False,2026,M08,August,3.6,3.0,0.6
VA,True,False,2026,M08,August,3.6,3.6,0.0
NC,True,True,2026,M08,August,3.6,4.1,-0.5
IA,True,True,2026,M08,August,3.6,3.8,-0.2
AK,True,False,2026,M08,August,3.5,3.7,-0.2
GA,False,True,2026,M08,August,3.4,3.6,-0.2
WI,True,False,2026,M08,August,3.4,3.1,0.3
OH,True,False,2026,M08,August,3.3,4.4,-1.1
ME,True,True,2026,M08,August,3.1,3.0,0.1
MT,True,True,2026,M08,August,3.0,3.2,-0.2
NH,True,True,2026,M08,August,2.8,3.2,-0.4
NE,True,False,2026,M08,August,2.8,2.8,0.0
