district_id,state_po,district,last_winner,tendencia_historica,tipo_competitividad,avg_abs_margin,avg_margin,margin_2024,min_abs_margin,n_flips,n_cycles,desempleo_ultimo,desempleo_var_anual,score_historico,score_economico,score_total,riesgo_oficialismo,cycles,margins_by_cycle
CO-08,CO,8,R,Disputado,Flip ocasional,0.7,0.0,0.7554188734418907,0.7,1,2,4.6,0.7,96,70,85.6,Favorable D,"2022,2024","-0.7,0.8"
AZ-01,AZ,1,R,Disputado,Flip ocasional,2.6,0.5,3.814004013772025,0.9,1,3,5.6,0.7,84,80,82.4,Favorable D,"2020,2022,2024","-3.2,0.9,3.8"
AZ-06,AZ,6,R,Disputado,Competitivo,2.8,2.8,2.574398743963651,1.5,0,3,5.6,0.7,83,80,81.8,Favorable D,"2020,2022,2024","4.3,1.5,2.6"
CO-03,CO,3,R,Disputado,Competitivo,3.9,3.9,5.155975818671276,0.2,0,3,4.6,0.7,77,70,74.2,Favorable D,"2020,2022,2024","6.4,0.2,5.2"
NM-02,NM,2,D,Disputado,Flip ocasional,4.1,0.9,-4.157966546309767,0.7,1,3,4.9,0.7,75,70,73.0,Favorable D,"2020,2022,2024","7.5,-0.7,-4.2"
CT-05,CT,5,D,Leve D,Competitivo,5.4,-5.4,-4.284605669593268,0.2,0,3,4.7,0.6,68,70,68.8,Favorable D,"2020,2022,2024","-11.8,-0.2,-4.3"
NY-22,NY,22,D,Disputado,Flip ocasional,3.4,-2.7,-9.122335425616392,0.0,1,3,4.6,-0.3,80,50,68.0,Favorable D,"2020,2022,2024","0.0,1.0,-9.1"
NV-03,NV,3,D,Disputado,Competitivo,3.3,-3.3,-2.744449337787469,2.7,0,3,4.5,-0.8,80,50,68.0,Favorable D,"2020,2022,2024","-3.2,-4.0,-2.7"
IL-17,IL,17,D,Leve D,Competitivo,5.6,-5.6,-8.852788113595969,4.0,0,3,4.9,0.3,66,70,67.6,Favorable D,"2020,2022,2024","-4.1,-4.0,-8.9"
OR-05,OR,5,D,Disputado,Flip reciente,4.0,-2.6,-2.943905751980312,2.1,2,3,5.1,-0.4,76,50,65.6,Favorable D,"2020,2022,2024","-6.9,2.1,-2.9"
CA-45,CA,45,D,Disputado,Flip reciente,4.0,-0.8,-0.2067273446774831,0.2,2,3,5.4,-0.4,76,50,65.6,Favorable D,"2020,2022,2024","-6.9,4.8,-0.2"
VA-07,VA,7,D,Disputado,Competitivo,3.0,-3.0,-2.647513901404149,1.8,0,3,3.6,0.0,82,40,65.2,Favorable D,"2020,2022,2024","-1.8,-4.7,-2.6"
WI-03,WI,3,R,Disputado,Flip ocasional,3.0,1.3,2.7262686740684763,2.7,1,3,3.4,0.3,82,40,65.2,Favorable D,"2020,2022,2024","-2.7,3.7,2.7"
IA-03,IA,3,R,Disputado,Flip ocasional,2.0,1.0,3.8337851098351257,0.7,1,3,3.6,-0.2,88,30,64.8,Favorable D,"2020,2022,2024","-1.4,0.7,3.8"
NJ-07,NJ,7,R,Disputado,Flip ocasional,3.2,2.4,5.505059571613488,1.2,1,3,4.7,-1.1,81,40,64.6,Favorable D,"2020,2022,2024","-1.2,2.8,5.5"
IL-14,IL,14,D,Leve D,Competitivo,6.6,-6.6,-10.20756360577934,1.3,0,3,4.9,0.3,60,70,64.0,Favorable D,"2020,2022,2024","-1.3,-8.3,-10.2"
VA-02,VA,2,R,Disputado,Flip ocasional,3.5,1.4,3.93500303232306,3.2,1,3,3.6,0.0,79,40,63.4,Favorable D,"2020,2022,2024","-3.2,3.4,3.9"
OR-06,OR,6,D,Disputado,Competitivo,4.7,-4.7,-6.864045518060401,2.5,0,2,5.1,-0.4,72,50,63.2,Favorable D,"2022,2024","-2.5,-6.9"
WA-03,WA,3,D,Disputado,Flip ocasional,5.9,2.8,-3.892272669114576,0.8,1,3,4.7,0.0,65,60,63.0,Favorable D,"2020,2022,2024","13.0,-0.8,-3.9"
CA-21,CA,21,D,Disputado,Flip ocasional,4.8,-4.2,-5.147521364898661,0.9,1,3,5.4,-0.4,71,50,62.6,Favorable D,"2020,2022,2024","0.9,-8.4,-5.1"
MN-02,MN,2,D,Leve D,Competitivo,7.2,-7.2,-13.778561118584488,2.4,0,3,4.8,0.8,57,70,62.2,Favorable D,"2020,2022,2024","-2.4,-5.4,-13.8"
MI-08,MI,8,D,Leve D,Competitivo,7.1,-7.1,-6.925397055606221,3.7,0,3,5.2,0.3,57,70,62.2,Favorable D,"2020,2022,2024","-3.7,-10.7,-6.9"
WA-08,WA,8,D,Leve D,Competitivo,6.2,-6.2,-8.170833313266648,3.6,0,3,4.7,0.0,63,60,61.8,Favorable D,"2020,2022,2024","-3.6,-6.9,-8.2"
NY-19,NY,19,D,Disputado,Flip reciente,5.2,-4.2,-2.217081369035144,1.6,2,3,4.6,-0.3,69,50,61.4,Favorable D,"2020,2022,2024","-11.8,1.6,-2.2"
CA-49,CA,49,D,Leve D,Competitivo,5.3,-5.3,-4.347067638966346,4.3,0,3,5.4,-0.4,68,50,60.8,Favorable D,"2020,2022,2024","-6.3,-5.3,-4.3"
NE-02,NE,2,R,Disputado,Competitivo,3.1,3.1,1.853023362272584,1.9,0,3,2.8,0.0,81,30,60.6,Favorable D,"2020,2022,2024","4.7,2.7,1.9"
IA-01,IA,1,R,Disputado,Competitivo,3.2,3.2,0.1934104877381623,0.2,0,3,3.6,-0.2,81,30,60.6,Favorable D,"2020,2022,2024","2.6,6.8,0.2"
ME-02,ME,2,D,Disputado,Competitivo,4.3,-4.3,-0.6910182943646003,0.7,0,3,3.1,0.1,74,40,60.4,Favorable D,"2020,2022,2024","-6.1,-6.1,-0.7"
PA-07,PA,7,R,Disputado,Flip ocasional,2.2,-1.6,1.0071557149020365,1.0,1,3,4.1,-1.1,87,20,60.2,Favorable D,"2020,2022,2024","-3.7,-2.0,1.0"
AZ-02,AZ,2,R,Disputado,Flip ocasional,9.0,2.2,8.96952575939524,7.7,1,3,5.6,0.7,46,80,59.6,Disputado,"2020,2022,2024","-10.2,7.7,9.0"
AK-00,AK,0,R,Disputado,Competitivo,3.5,3.5,1.0465650184455106,0.3,0,3,3.5,-0.2,79,30,59.4,Disputado,"2020,2022,2024","9.2,0.3,1.0"
FL-13,FL,13,R,Disputado,Flip ocasional,8.0,3.9,9.64754134209337,6.1,1,3,4.6,0.3,52,70,59.2,Disputado,"2020,2022,2024","-6.1,8.2,9.6"
PA-08,PA,8,R,Disputado,Flip ocasional,2.5,-1.5,1.6235840383926206,1.6,1,3,4.1,-1.1,85,20,59.0,Disputado,"2020,2022,2024","-3.6,-2.4,1.6"
IL-06,IL,6,D,Leve D,Competitivo,8.2,-8.2,-8.416238701300848,7.5,0,3,4.9,0.3,51,70,58.6,Disputado,"2020,2022,2024","-7.5,-8.7,-8.4"
CA-22,CA,22,R,Leve R,Competitivo,6.1,6.1,6.842102121105387,3.0,0,3,5.4,-0.4,63,50,57.8,Disputado,"2020,2022,2024","8.5,3.0,6.8"
NV-04,NV,4,D,Leve D,Competitivo,6.1,-6.1,-8.317672228294018,4.8,0,3,4.5,-0.8,63,50,57.8,Disputado,"2020,2022,2024","-5.0,-4.8,-8.3"
NY-04,NY,4,D,Disputado,Flip reciente,6.4,-4.0,-2.2946412139220147,2.3,2,3,4.6,-0.3,62,50,57.2,Disputado,"2020,2022,2024","-13.3,3.6,-2.3"
FL-23,FL,23,D,Leve D,Competitivo,8.7,-8.7,-4.890240090618379,4.8,0,3,4.6,0.3,48,70,56.8,Disputado,"2020,2022,2024","-16.4,-4.8,-4.9"
MI-07,MI,7,R,Leve R,Flip reciente,9.0,5.3,3.838728957751768,3.8,2,3,5.2,0.3,46,70,55.6,Disputado,"2020,2022,2024","17.5,-5.5,3.8"
NC-01,NC,1,D,Disputado,Competitivo,4.9,-4.9,-1.7214602524735585,1.7,0,3,3.6,-0.5,71,30,54.6,Disputado,"2020,2022,2024","-8.4,-4.7,-1.7"
OR-04,OR,4,D,Leve D,Competitivo,7.2,-7.2,-8.123833813608911,5.4,0,3,5.1,-0.4,57,50,54.2,Disputado,"2020,2022,2024","-5.4,-8.0,-8.1"
TX-34,TX,34,D,Leve D,Competitivo,8.4,-8.4,-2.5835524969683057,2.6,0,3,4.6,0.0,50,60,54.0,Disputado,"2020,2022,2024","-14.0,-8.8,-2.6"
FL-25,FL,25,D,Leve D,Competitivo,9.6,-9.6,-8.956433046772547,9.0,0,2,4.6,0.3,42,70,53.2,Disputado,"2022,2024","-10.2,-9.0"
TX-15,TX,15,R,Leve R,Flip ocasional,8.6,6.6,14.228512439167176,2.9,1,3,4.6,0.0,48,60,52.8,Disputado,"2020,2022,2024","-2.9,8.6,14.2"
MI-03,MI,3,D,Leve D,Flip ocasional,9.8,-5.9,-10.149415574583234,5.9,1,3,5.2,0.3,41,70,52.6,Disputado,"2020,2022,2024","5.9,-13.3,-10.1"
NY-03,NY,3,D,Disputado,Flip reciente,7.9,-2.9,-3.576159671472413,3.6,2,3,4.6,-0.3,53,50,51.8,Disputado,"2020,2022,2024","-12.6,7.5,-3.6"
PA-10,PA,10,R,Leve R,Competitivo,5.2,5.2,1.2642826002891618,1.3,0,3,4.1,-1.1,69,20,49.4,Disputado,"2020,2022,2024","6.6,7.7,1.3"
PA-17,PA,17,D,Leve D,Competitivo,5.6,-5.6,-7.751287887863903,2.3,0,3,4.1,-1.1,66,20,47.6,Disputado,"2020,2022,2024","-2.3,-6.8,-7.8"
MT-01,MT,1,R,Leve R,Competitivo,5.6,5.6,7.923486769640616,3.3,0,2,3.0,-0.2,66,20,47.6,Disputado,"2022,2024","3.3,7.9"
CA-25,CA,25,D,Leve D,Flip ocasional,9.1,-9.1,-12.505764576727026,0.1,1,3,5.4,-0.4,45,50,47.0,Disputado,"2020,2022,2024","0.1,-14.8,-12.5"
CA-03,CA,3,R,Disputado,Flip ocasional,9.2,3.0,10.934780601118128,7.3,1,3,5.4,-0.4,45,50,47.0,Disputado,"2020,2022,2024","-9.3,7.3,10.9"
VA-10,VA,10,D,Leve D,Competitivo,8.1,-8.1,-4.566023612670545,4.6,0,3,3.6,0.0,51,40,46.6,Disputado,"2020,2022,2024","-13.2,-6.5,-4.6"
NY-18,NY,18,D,Leve D,Competitivo,9.5,-9.5,-14.3489723522023,1.3,0,3,4.6,-0.3,43,50,45.8,Disputado,"2020,2022,2024","-12.7,-1.3,-14.3"
CA-09,CA,9,D,Leve D,Competitivo,9.5,-9.5,-3.5841452595312644,3.6,0,3,5.4,-0.4,43,50,45.8,Disputado,"2020,2022,2024","-15.2,-9.6,-3.6"
OH-13,OH,13,D,Leve D,Competitivo,5.1,-5.1,-2.2107197391236832,2.2,0,3,3.3,-1.1,69,10,45.4,Disputado,"2020,2022,2024","-7.8,-5.4,-2.2"
CA-39,CA,39,D,Leve D,Flip ocasional,10.0,-9.2,-13.377166245754593,1.2,1,3,5.4,-0.4,40,50,44.0,Disputado,"2020,2022,2024","1.2,-15.3,-13.4"
IA-02,IA,2,R,Leve R,Competitivo,8.0,8.0,15.778505507591545,0.0,0,3,3.6,-0.2,52,30,43.2,Disputado,"2020,2022,2024","0.0,8.2,15.8"
NH-01,NH,1,D,Leve D,Competitivo,7.1,-7.1,-8.069209147790058,5.2,0,3,2.8,-0.4,57,20,42.2,Disputado,"2020,2022,2024","-5.2,-8.1,-8.1"
IL-13,IL,13,D,Leve D,Flip ocasional,12.8,-6.8,-16.22506499501907,8.9,1,3,4.9,0.3,23,70,41.8,Disputado,"2020,2022,2024","8.9,-13.2,-16.2"
NJ-03,NJ,3,D,Leve D,Competitivo,9.5,-9.5,-8.770135239900076,7.9,0,3,4.7,-1.1,43,40,41.8,Disputado,"2020,2022,2024","-7.9,-11.9,-8.8"
NY-17,NY,17,R,Leve D,Flip ocasional,10.8,-6.1,6.441529654816218,0.6,1,3,4.6,-0.3,35,50,41.0,Disputado,"2020,2022,2024","-25.4,0.6,6.4"
NJ-05,NJ,5,D,Leve D,Competitivo,9.9,-9.9,-11.52748858545254,7.6,0,3,4.7,-1.1,41,40,40.6,Disputado,"2020,2022,2024","-7.6,-10.5,-11.5"
OH-01,OH,1,D,Disputado,Flip ocasional,7.4,-2.4,-9.166158470461257,5.5,1,3,3.3,-1.1,56,10,37.6,Favorable R,"2020,2022,2024","7.4,-5.5,-9.2"
FL-07,FL,7,R,Leve R,Flip ocasional,14.1,5.9,13.052912379728117,12.3,1,3,4.6,0.3,15,70,37.0,Favorable R,"2020,2022,2024","-12.3,17.1,13.1"
CA-41,CA,41,R,Leve D,Flip ocasional,12.0,-6.7,3.3819069249107763,3.4,1,3,5.4,-0.4,28,50,36.8,Favorable R,"2020,2022,2024","-28.1,4.7,3.4"
NH-02,NH,2,D,Leve D,Competitivo,9.4,-9.4,-5.965938250248466,6.0,0,3,2.8,-0.4,44,20,34.4,Favorable R,"2020,2022,2024","-10.4,-11.7,-6.0"
AZ-04,AZ,4,D,Leve R,Flip ocasional,19.7,6.6,-7.420847540185095,7.4,1,3,5.6,0.7,0,80,32.0,Favorable R,"2020,2022,2024","39.5,-12.2,-7.4"
CA-27,CA,27,D,Sólido D,Flip reciente,16.2,-11.9,-2.662534572961445,2.7,2,3,5.4,-0.4,3,50,21.8,Favorable R,"2020,2022,2024","-39.6,6.5,-2.7"
AL-02,AL,2,D,Sólido R,Flip ocasional,26.8,20.7,-9.199011936224974,9.2,1,3,3.6,0.6,0,50,20.0,Favorable R,"2020,2022,2024","30.6,40.6,-9.2"
CA-40,CA,40,R,Leve D,Flip ocasional,23.2,-7.1,10.5206772061986,10.5,1,3,5.4,-0.4,0,50,20.0,Favorable R,"2020,2022,2024","-45.5,13.7,10.5"
CA-13,CA,13,D,Sólido D,Flip reciente,27.1,-26.8,-0.0886587869391857,0.1,2,3,5.4,-0.4,0,50,20.0,Favorable R,"2020,2022,2024","-80.7,0.4,-0.1"
NC-14,NC,14,R,Disputado,Flip ocasional,15.8,0.4,16.128855394062644,15.4,1,2,3.6,-0.5,5,30,15.0,Favorable R,"2022,2024","-15.4,16.1"
NC-13,NC,13,R,Sólido R,Flip reciente,18.9,16.8,17.285614575561386,3.2,2,3,3.6,-0.5,0,30,12.0,Favorable R,"2020,2022,2024","36.4,-3.2,17.3"
PA-12,PA,12,D,Leve R,Flip ocasional,22.3,5.5,-12.823740834350405,12.4,1,3,4.1,-1.1,0,20,8.0,Favorable R,"2020,2022,2024","41.7,-12.4,-12.8"
