district_id,state_po,district,last_winner,avg_abs_margin,avg_margin,min_abs_margin,margin_2024,n_flips,n_cycles,cycles,margins_by_cycle
CO-08,CO,8,R,0.7,0.0,0.7,0.7554188734418907,1,2,"2022,2024","-0.7,0.8"
IA-03,IA,3,R,2.0,1.0,0.7,3.8337851098351257,1,3,"2020,2022,2024","-1.4,0.7,3.8"
PA-07,PA,7,R,2.2,-1.6,1.0,1.0071557149020365,1,3,"2020,2022,2024","-3.7,-2.0,1.0"
PA-08,PA,8,R,2.5,-1.5,1.6,1.6235840383926206,1,3,"2020,2022,2024","-3.6,-2.4,1.6"
AZ-01,AZ,1,R,2.6,0.5,0.9,3.814004013772025,1,3,"2020,2022,2024","-3.2,0.9,3.8"
AZ-06,AZ,6,R,2.8,2.8,1.5,2.574398743963651,0,3,"2020,2022,2024","4.3,1.5,2.6"
WI-03,WI,3,R,3.0,1.3,2.7,2.7262686740684763,1,3,"2020,2022,2024","-2.7,3.7,2.7"
VA-07,VA,7,D,3.0,-3.0,1.8,-2.647513901404149,0,3,"2020,2022,2024","-1.8,-4.7,-2.6"
NE-02,NE,2,R,3.1,3.1,1.9,1.8530233622725842,0,3,"2020,2022,2024","4.7,2.7,1.9"
IA-01,IA,1,R,3.2,3.2,0.2,0.19341048773816238,0,3,"2020,2022,2024","2.6,6.8,0.2"
NJ-07,NJ,7,R,3.2,2.4,1.2,5.505059571613488,1,3,"2020,2022,2024","-1.2,2.8,5.5"
NV-03,NV,3,D,3.3,-3.3,2.7,-2.744449337787469,0,3,"2020,2022,2024","-3.2,-4.0,-2.7"
NY-22,NY,22,D,3.4,-2.7,0.0,-9.122335425616392,1,3,"2020,2022,2024","0.0,1.0,-9.1"
VA-02,VA,2,R,3.5,1.4,3.2,3.9350030323230603,1,3,"2020,2022,2024","-3.2,3.4,3.9"
AK-00,AK,0,R,3.5,3.5,0.3,1.0465650184455106,0,3,"2020,2022,2024","9.2,0.3,1.0"
CO-03,CO,3,R,3.9,3.9,0.2,5.155975818671276,0,3,"2020,2022,2024","6.4,0.2,5.2"
CA-45,CA,45,D,4.0,-0.8,0.2,-0.20672734467748316,2,3,"2020,2022,2024","-6.9,4.8,-0.2"
OR-05,OR,5,D,4.0,-2.6,2.1,-2.9439057519803113,2,3,"2020,2022,2024","-6.9,2.1,-2.9"
NM-02,NM,2,D,4.1,0.9,0.7,-4.157966546309767,1,3,"2020,2022,2024","7.5,-0.7,-4.2"
ME-02,ME,2,D,4.3,-4.3,0.7,-0.6910182943646003,0,3,"2020,2022,2024","-6.1,-6.1,-0.7"
OR-06,OR,6,D,4.7,-4.7,2.5,-6.864045518060401,0,2,"2022,2024","-2.5,-6.9"
CA-21,CA,21,D,4.8,-4.2,0.9,-5.147521364898661,1,3,"2020,2022,2024","0.9,-8.4,-5.1"
NC-01,NC,1,D,4.9,-4.9,1.7,-1.7214602524735585,0,3,"2020,2022,2024","-8.4,-4.7,-1.7"
OH-13,OH,13,D,5.1,-5.1,2.2,-2.2107197391236832,0,3,"2020,2022,2024","-7.8,-5.4,-2.2"
PA-10,PA,10,R,5.2,5.2,1.3,1.2642826002891618,0,3,"2020,2022,2024","6.6,7.7,1.3"
NY-19,NY,19,D,5.2,-4.2,1.6,-2.2170813690351436,2,3,"2020,2022,2024","-11.8,1.6,-2.2"
CA-49,CA,49,D,5.3,-5.3,4.3,-4.347067638966346,0,3,"2020,2022,2024","-6.3,-5.3,-4.3"
CT-05,CT,5,D,5.4,-5.4,0.2,-4.284605669593268,0,3,"2020,2022,2024","-11.8,-0.2,-4.3"
PA-17,PA,17,D,5.6,-5.6,2.3,-7.751287887863903,0,3,"2020,2022,2024","-2.3,-6.8,-7.8"
MT-01,MT,1,R,5.6,5.6,3.3,7.923486769640616,0,2,"2022,2024","3.3,7.9"
IL-17,IL,17,D,5.6,-5.6,4.0,-8.852788113595969,0,3,"2020,2022,2024","-4.1,-4.0,-8.9"
WA-03,WA,3,D,5.9,2.8,0.8,-3.8922726691145764,1,3,"2020,2022,2024","13.0,-0.8,-3.9"
CA-22,CA,22,R,6.1,6.1,3.0,6.842102121105387,0,3,"2020,2022,2024","8.5,3.0,6.8"
NV-04,NV,4,D,6.1,-6.1,4.8,-8.317672228294018,0,3,"2020,2022,2024","-5.0,-4.8,-8.3"
WA-08,WA,8,D,6.2,-6.2,3.6,-8.170833313266648,0,3,"2020,2022,2024","-3.6,-6.9,-8.2"
NY-04,NY,4,D,6.4,-4.0,2.3,-2.2946412139220147,2,3,"2020,2022,2024","-13.3,3.6,-2.3"
IL-14,IL,14,D,6.6,-6.6,1.3,-10.20756360577934,0,3,"2020,2022,2024","-1.3,-8.3,-10.2"
NH-01,NH,1,D,7.1,-7.1,5.2,-8.069209147790058,0,3,"2020,2022,2024","-5.2,-8.1,-8.1"
MI-08,MI,8,D,7.1,-7.1,3.7,-6.925397055606221,0,3,"2020,2022,2024","-3.7,-10.7,-6.9"
OR-04,OR,4,D,7.2,-7.2,5.4,-8.123833813608911,0,3,"2020,2022,2024","-5.4,-8.0,-8.1"
MN-02,MN,2,D,7.2,-7.2,2.4,-13.778561118584488,0,3,"2020,2022,2024","-2.4,-5.4,-13.8"
OH-01,OH,1,D,7.4,-2.4,5.5,-9.166158470461255,1,3,"2020,2022,2024","7.4,-5.5,-9.2"
NY-03,NY,3,D,7.9,-2.9,3.6,-3.576159671472413,2,3,"2020,2022,2024","-12.6,7.5,-3.6"
IA-02,IA,2,R,8.0,8.0,0.0,15.778505507591545,0,3,"2020,2022,2024","0.0,8.2,15.8"
FL-13,FL,13,R,8.0,3.9,6.1,9.64754134209337,1,3,"2020,2022,2024","-6.1,8.2,9.6"
VA-10,VA,10,D,8.1,-8.1,4.6,-4.566023612670545,0,3,"2020,2022,2024","-13.2,-6.5,-4.6"
IL-06,IL,6,D,8.2,-8.2,7.5,-8.416238701300848,0,3,"2020,2022,2024","-7.5,-8.7,-8.4"
TX-34,TX,34,D,8.4,-8.4,2.6,-2.5835524969683057,0,3,"2020,2022,2024","-14.0,-8.8,-2.6"
TX-15,TX,15,R,8.6,6.6,2.9,14.228512439167176,1,3,"2020,2022,2024","-2.9,8.6,14.2"
FL-23,FL,23,D,8.7,-8.7,4.8,-4.890240090618379,0,3,"2020,2022,2024","-16.4,-4.8,-4.9"
MI-07,MI,7,R,9.0,5.3,3.8,3.8387289577517683,2,3,"2020,2022,2024","17.5,-5.5,3.8"
AZ-02,AZ,2,R,9.0,2.2,7.7,8.96952575939524,1,3,"2020,2022,2024","-10.2,7.7,9.0"
CA-25,CA,25,D,9.1,-9.1,0.1,-12.505764576727026,1,3,"2020,2022,2024","0.1,-14.8,-12.5"
CA-03,CA,3,R,9.2,3.0,7.3,10.934780601118128,1,3,"2020,2022,2024","-9.3,7.3,10.9"
NH-02,NH,2,D,9.4,-9.4,6.0,-5.965938250248466,0,3,"2020,2022,2024","-10.4,-11.7,-6.0"
CA-09,CA,9,D,9.5,-9.5,3.6,-3.5841452595312644,0,3,"2020,2022,2024","-15.2,-9.6,-3.6"
NY-18,NY,18,D,9.5,-9.5,1.3,-14.3489723522023,0,3,"2020,2022,2024","-12.7,-1.3,-14.3"
NJ-03,NJ,3,D,9.5,-9.5,7.9,-8.770135239900076,0,3,"2020,2022,2024","-7.9,-11.9,-8.8"
FL-25,FL,25,D,9.6,-9.6,9.0,-8.956433046772547,0,2,"2022,2024","-10.2,-9.0"
MI-03,MI,3,D,9.8,-5.9,5.9,-10.149415574583234,1,3,"2020,2022,2024","5.9,-13.3,-10.1"
NJ-05,NJ,5,D,9.9,-9.9,7.6,-11.52748858545254,0,3,"2020,2022,2024","-7.6,-10.5,-11.5"
CA-39,CA,39,D,10.0,-9.2,1.2,-13.377166245754593,1,3,"2020,2022,2024","1.2,-15.3,-13.4"
NY-17,NY,17,R,10.8,-6.1,0.6,6.441529654816218,1,3,"2020,2022,2024","-25.4,0.6,6.4"
CA-41,CA,41,R,12.0,-6.7,3.4,3.3819069249107763,1,3,"2020,2022,2024","-28.1,4.7,3.4"
IL-13,IL,13,D,12.8,-6.8,8.9,-16.22506499501907,1,3,"2020,2022,2024","8.9,-13.2,-16.2"
FL-07,FL,7,R,14.1,5.9,12.3,13.052912379728115,1,3,"2020,2022,2024","-12.3,17.1,13.1"
NC-14,NC,14,R,15.8,0.4,15.4,16.128855394062644,1,2,"2022,2024","-15.4,16.1"
CA-27,CA,27,D,16.2,-11.9,2.7,-2.662534572961445,2,3,"2020,2022,2024","-39.6,6.5,-2.7"
NC-13,NC,13,R,18.9,16.8,3.2,17.285614575561386,2,3,"2020,2022,2024","36.4,-3.2,17.3"
AZ-04,AZ,4,D,19.7,6.6,7.4,-7.420847540185095,1,3,"2020,2022,2024","39.5,-12.2,-7.4"
PA-12,PA,12,D,22.3,5.5,12.4,-12.823740834350403,1,3,"2020,2022,2024","41.7,-12.4,-12.8"
CA-40,CA,40,R,23.2,-7.1,10.5,10.5206772061986,1,3,"2020,2022,2024","-45.5,13.7,10.5"
AL-02,AL,2,D,26.8,20.7,9.2,-9.199011936224974,1,3,"2020,2022,2024","30.6,40.6,-9.2"
CA-13,CA,13,D,27.1,-26.8,0.1,-0.08865878693918576,2,3,"2020,2022,2024","-80.7,0.4,-0.1"
