state_po,estado,vota_2026,clase,es_swing,tendencia_historica,tipo_competitividad,ganador_2020,margen_2020,avg_margen,n_ciclos,es_bellwether,coincidencia_bellwether,desempleo_ultimo,desempleo_var_anual,score_historico,score_economico,score_bellwether,score_total,riesgo_oficialismo,categoria_mapa
AK,Alaska,True,Class 2,False,Sólido R,No competitivo,R,13.4,22.7,4,,,,,,,,,,Sólido R
AL,Alabama,True,Class 2,False,Sólido R,No competitivo,R,20.4,22.1,3,,,,,,,,,,Sólido R
AR,Arkansas,True,Class 2,False,Sólido R,No competitivo,,,5.0,2,,,,,,,,,,Sólido R
CO,Colorado,True,Class 2,True,Leve D,Competitivo,D,-9.5,-3.3,4,True,5 de 6,4.6,0.7,53.0,82.0,80.0,67.1,Favorable D,Favorable D
DE,Delaware,True,Class 2,False,Sólido D,No competitivo,D,-22.1,-20.7,4,,,,,,,,,,Sólido D
GA,Georgia,True,Class 2,True,Leve R,Competitivo,R,1.8,7.9,4,False,3 de 6,3.4,-0.2,51.0,24.0,50.0,42.7,Disputado,Disputado
IA,Iowa,True,Class 2,True,Sólido R,Competitivo,R,6.8,-5.1,4,False,3 de 6,3.6,-0.2,3.0,29.0,50.0,20.2,Favorable R,Favorable R
ID,Idaho,True,Class 2,False,Sólido R,No competitivo,R,30.6,30.1,4,,,,,,,,,,Sólido R
IL,Illinois,True,Class 2,False,Sólido D,No competitivo,D,-17.1,-23.0,4,,,,,,,,,,Sólido D
KS,Kansas,True,Class 2,False,Sólido R,No competitivo,R,12.0,18.2,2,,,,,,,,,,Sólido R
KY,Kentucky,True,Class 2,False,Sólido R,No competitivo,R,20.3,17.9,4,,,,,,,,,,Sólido R
LA,Louisiana,True,Class 2,False,Sólido R,No competitivo,R,26.8,7.5,4,,,,,,,,,,Sólido R
MA,Massachusetts,True,Class 2,False,Sólido D,No competitivo,D,-33.4,-31.1,3,,,,,,,,,,Sólido D
ME,Maine,True,Class 2,True,Sólido R,Competitivo,R,9.2,21.5,4,False,3 de 6,3.1,0.1,0.0,26.0,50.0,17.8,Favorable R,Favorable R
MI,Michigan,True,Class 2,True,Disputado,Competitivo,D,-1.7,-17.1,4,False,3 de 6,5.2,0.3,75.0,85.0,50.0,73.0,Favorable D,Favorable D
MN,Minnesota,True,Class 2,True,Sólido D,Competitivo,D,-5.7,-3.7,4,True,4 de 6,4.8,0.8,8.0,90.0,60.0,43.0,Disputado,Disputado
MS,Mississippi,True,Class 2,False,Sólido R,No competitivo,R,10.2,18.5,3,,,,,,,,,,Sólido R
MT,Montana,True,Class 2,True,Disputado,Flip reciente,R,10.0,-12.6,4,False,3 de 6,3.0,-0.2,59.0,14.0,50.0,43.7,Disputado,Disputado
NC,North Carolina,True,Class 2,True,Disputado,Competitivo,R,1.8,0.9,4,True,4 de 6,3.6,-0.5,77.0,20.0,60.0,56.5,Disputado,Disputado
NE,Nebraska,True,Class 2,False,Sólido R,No competitivo,R,44.0,41.5,4,,,,,,,,,,Sólido R
NH,New Hampshire,True,Class 2,True,Leve D,Competitivo,D,-16.0,-5.3,4,True,4 de 6,2.8,-0.4,51.0,3.0,60.0,38.4,Favorable R,Favorable R
NJ,New Jersey,True,Class 2,False,Sólido D,No competitivo,D,-16.6,-13.7,4,,,,,,,,,,Sólido D
NM,New Mexico,True,Class 2,True,Sólido D,Competitivo,D,-6.3,-2.5,4,True,4 de 6,4.9,0.7,0.0,89.0,60.0,38.7,Favorable R,Favorable R
OK,Oklahoma,True,Class 2,False,Sólido R,No competitivo,R,31.5,28.3,4,,,,,,,,,,Sólido R
OR,Oregon,True,Class 2,False,Sólido D,No competitivo,D,-18.3,-6.2,4,,,,,,,,,,Sólido D
RI,Rhode Island,True,Class 2,False,Sólido D,No competitivo,D,-33.2,-44.6,4,,,,,,,,,,Sólido D
SC,South Carolina,True,Class 2,False,Sólido R,No competitivo,R,10.4,13.8,4,,,,,,,,,,Sólido R
SD,South Dakota,True,Class 2,False,Sólido R,No competitivo,R,31.5,8.1,4,,,,,,,,,,Sólido R
TN,Tennessee,True,Class 2,False,Sólido R,No competitivo,R,27.8,26.1,4,,,,,,,,,,Sólido R
TX,Texas,True,Class 2,True,Leve R,Competitivo,R,9.9,15.7,4,False,3 de 6,4.6,0.0,63.0,60.0,50.0,59.5,Disputado,Disputado
VA,Virginia,True,Class 2,False,Sólido D,No competitivo,D,-12.1,-14.9,3,,,,,,,,,,Sólido D
WV,West Virginia,True,Class 2,False,Sólido R,No competitivo,R,44.5,4.9,4,,,,,,,,,,Sólido R
WY,Wyoming,True,Class 2,False,Sólido R,No competitivo,,,52.8,3,,,,,,,,,,Sólido R
