estado,tendencia_historica,tipo_competitividad,es_bellwether,coincidencia_bellwether,desempleo_ultimo,desempleo_var_anual,score_historico,score_economico,score_bellwether,score_total,riesgo_oficialismo
MI,Disputado,Competitivo,False,3 de 6,5.2,0.3,75,85,50,73.0,Favorable D
CO,Leve D,Competitivo,True,5 de 6,4.6,0.7,53,82,80,67.1,Favorable D
TX,Leve R,Competitivo,False,3 de 6,4.6,0.0,63,60,50,59.5,Disputado
NC,Disputado,Competitivo,True,4 de 6,3.6,-0.5,77,20,60,56.5,Disputado
MT,Disputado,Flip reciente,False,3 de 6,3.0,-0.2,59,14,50,43.7,Disputado
MN,Sólido D,Competitivo,True,4 de 6,4.8,0.8,8,90,60,43.0,Disputado
GA,Leve R,Competitivo,False,3 de 6,3.4,-0.2,51,24,50,42.7,Disputado
NM,Sólido D,Competitivo,True,4 de 6,4.9,0.7,0,89,60,38.7,Favorable R
NH,Leve D,Competitivo,True,4 de 6,2.8,-0.4,51,3,60,38.4,Favorable R
IA,Sólido R,Competitivo,False,3 de 6,3.6,-0.2,3,29,50,20.2,Favorable R
ME,Sólido R,Competitivo,False,3 de 6,3.1,0.1,0,26,50,17.8,Favorable R
