state_po,estado,vota_2026,clase,anio_mas_reciente,ganador_mas_reciente,margen_mas_reciente,categoria_mapa
AZ,Arizona,False,Class 1/3,2024,D,-2.5,No vota 2026
CA,California,False,Class 1/3,2024,D,-17.7,No vota 2026
CT,Connecticut,False,Class 1/3,2024,D,-16.9,No vota 2026
FL,Florida,False,Class 1/3,2024,R,13.0,No vota 2026
HI,Hawaii,False,Class 1/3,2024,D,-33.9,No vota 2026
IN,Indiana,False,Class 1/3,2024,R,20.4,No vota 2026
MD,Maryland,False,Class 1/3,2024,D,-12.1,No vota 2026
MO,Missouri,False,Class 1/3,2024,R,14.1,No vota 2026
ND,North Dakota,False,Class 1/3,2024,R,33.0,No vota 2026
NV,Nevada,False,Class 1/3,2024,D,-1.7,No vota 2026
NY,New York,False,Class 1/3,2024,D,-18.4,No vota 2026
OH,Ohio,False,Class 1/3,2024,R,3.7,No vota 2026
PA,Pennsylvania,False,Class 1/3,2024,R,0.2,No vota 2026
UT,Utah,False,Class 1/3,2024,R,32.6,No vota 2026
VT,Vermont,False,Class 1/3,2022,D,-41.9,No vota 2026
WA,Washington,False,Class 1/3,2024,D,-18.5,No vota 2026
WI,Wisconsin,False,Class 1/3,2024,D,-0.9,No vota 2026
