state_po,last_winner,margin_2020,avg_abs_margin,avg_margin,n_races,years_raced,margins_by_year
NC,R,1.8,3.9,3.9,2,"2016,2020","5.9,1.8"
MI,D,-1.7,4.2,-4.2,2,"2018,2020","-6.6,-1.7"
TX,R,9.9,6.2,6.2,2,"2018,2020","2.6,9.9"
MT,R,10.0,6.8,3.2,2,"2018,2020","-3.7,10.0"
CO,D,-9.5,7.8,-7.8,2,"2016,2020","-6.0,-9.5"
GA,R,1.8,8.1,8.1,2,"2016,2020","14.4,1.8"
NH,D,-16.0,8.1,-8.1,2,"2016,2020","-0.1,-16.0"
MN,D,-5.7,15.3,-15.3,2,"2018,2020","-25.0,-5.7"
IA,R,6.8,16.2,16.2,2,"2016,2020","25.5,6.8"
NM,D,-6.3,17.1,-17.1,2,"2018,2020","-27.8,-6.3"
ME,R,9.2,31.7,31.7,2,"2018,2020","54.3,9.2"
