series_id,year,period,period_name,cpi_value
CUSR0000SA0,2022,M01,January,282.543
CUSR0000SA0,2022,M02,February,284.5
CUSR0000SA0,2022,M03,March,287.674
CUSR0000SA0,2022,M04,April,288.561
CUSR0000SA0,2022,M05,May,291.298
CUSR0000SA0,2022,M06,June,294.957
CUSR0000SA0,2022,M07,July,294.913
CUSR0000SA0,2022,M08,August,295.097
CUSR0000SA0,2022,M09,September,296.349
CUSR0000SA0,2022,M10,October,298.007
CUSR0000SA0,2022,M11,November,298.786
CUSR0000SA0,2022,M12,December,298.832
CUSR0000SA0,2023,M01,January,300.42
CUSR0000SA0,2023,M02,February,301.45
CUSR0000SA0,2023,M03,March,301.821
CUSR0000SA0,2023,M04,April,302.845
CUSR0000SA0,2023,M05,May,303.334
CUSR0000SA0,2023,M06,June,304.014
CUSR0000SA0,2023,M07,July,304.609
CUSR0000SA0,2023,M08,August,306.082
CUSR0000SA0,2023,M09,September,307.276
CUSR0000SA0,2023,M10,October,307.696
CUSR0000SA0,2023,M11,November,308.148
CUSR0000SA0,2023,M12,December,308.741
CUSR0000SA0,2024,M01,January,309.698
CUSR0000SA0,2024,M02,February,310.967
CUSR0000SA0,2024,M03,March,312.345
CUSR0000SA0,2024,M04,April,313.023
CUSR0000SA0,2024,M05,May,313.175
CUSR0000SA0,2024,M06,June,313.044
CUSR0000SA0,2024,M07,July,313.569
CUSR0000SA0,2024,M08,August,314.062
CUSR0000SA0,2024,M09,September,314.732
CUSR0000SA0,2024,M10,October,315.631
CUSR0000SA0,2024,M11,November,316.528
CUSR0000SA0,2024,M12,December,317.604
CUSR0000SA0,2025,M01,January,318.961
CUSR0000SA0,2025,M02,February,319.679
CUSR0000SA0,2025,M03,March,319.785
CUSR0000SA0,2025,M04,April,320.302
CUSR0000SA0,2025,M05,May,320.62
CUSR0000SA0,2025,M06,June,321.435
CUSR0000SA0,2025,M07,July,322.169
CUSR0000SA0,2025,M08,August,323.291
CUSR0000SA0,2025,M09,September,324.245
CUSR0000SA0,2025,M11,November,325.063
CUSR0000SA0,2025,M12,December,326.031
CUSR0000SA0,2026,M01,January,326.588
CUSR0000SA0,2026,M02,February,327.46
CUSR0000SA0,2026,M03,March,330.293
CUSR0000SA0,2026,M04,April,332.407
CUSR0000SA0,2026,M05,May,333.979
CUSR0000SA0,2026,M06,June,332.568
CUSR0000SA0,2026,M07,July,332.813
CUSR0000SA0,2026,M08,August,334.131
