state_po,series_id,year,period,period_name,unemployment_rate
AK,LAUST020000000000003,2022,M01,January,6.3
AK,LAUST020000000000003,2022,M02,February,5.9
AK,LAUST020000000000003,2022,M03,March,5.2
AK,LAUST020000000000003,2022,M04,April,4.8
AK,LAUST020000000000003,2022,M05,May,4.2
AK,LAUST020000000000003,2022,M06,June,4.4
AK,LAUST020000000000003,2022,M07,July,3.6
AK,LAUST020000000000003,2022,M08,August,3.0
AK,LAUST020000000000003,2022,M09,September,3.2
AK,LAUST020000000000003,2022,M10,October,3.6
AK,LAUST020000000000003,2022,M11,November,4.2
AK,LAUST020000000000003,2022,M12,December,4.2
AK,LAUST020000000000003,2023,M01,January,4.9
AK,LAUST020000000000003,2023,M02,February,5.1
AK,LAUST020000000000003,2023,M03,March,4.6
AK,LAUST020000000000003,2023,M04,April,4.2
AK,LAUST020000000000003,2023,M05,May,4.1
AK,LAUST020000000000003,2023,M06,June,4.4
AK,LAUST020000000000003,2023,M07,July,3.6
AK,LAUST020000000000003,2023,M08,August,3.4
AK,LAUST020000000000003,2023,M09,September,3.8
AK,LAUST020000000000003,2023,M10,October,4.0
AK,LAUST020000000000003,2023,M11,November,4.4
AK,LAUST020000000000003,2023,M12,December,4.7
AK,LAUST020000000000003,2024,M01,January,5.2
AK,LAUST020000000000003,2024,M02,February,5.5
AK,LAUST020000000000003,2024,M03,March,5.0
AK,LAUST020000000000003,2024,M04,April,4.6
AK,LAUST020000000000003,2024,M05,May,4.3
AK,LAUST020000000000003,2024,M06,June,4.7
AK,LAUST020000000000003,2024,M07,July,4.1
AK,LAUST020000000000003,2024,M08,August,3.8
AK,LAUST020000000000003,2024,M09,September,3.8
AK,LAUST020000000000003,2024,M10,October,4.2
AK,LAUST020000000000003,2024,M11,November,4.8
AK,LAUST020000000000003,2024,M12,December,4.7
AK,LAUST020000000000003,2025,M01,January,5.3
AK,LAUST020000000000003,2025,M02,February,5.4
AK,LAUST020000000000003,2025,M03,March,5.0
AK,LAUST020000000000003,2025,M04,April,4.7
AK,LAUST020000000000003,2025,M05,May,4.5
AK,LAUST020000000000003,2025,M06,June,4.7
AK,LAUST020000000000003,2025,M07,July,4.1
AK,LAUST020000000000003,2025,M08,August,3.7
AK,LAUST020000000000003,2025,M09,September,4.1
AK,LAUST020000000000003,2025,M11,November,5.2
AK,LAUST020000000000003,2025,M12,December,5.1
AK,LAUST020000000000003,2026,M01,January,5.6
AK,LAUST020000000000003,2026,M02,February,5.2
AK,LAUST020000000000003,2026,M03,March,4.8
AK,LAUST020000000000003,2026,M04,April,4.9
AK,LAUST020000000000003,2026,M05,May,4.1
AK,LAUST020000000000003,2026,M06,June,4.1
AK,LAUST020000000000003,2026,M07,July,3.6
AK,LAUST020000000000003,2026,M08,August,3.5
AL,LAUST010000000000003,2022,M01,January,3.1
AL,LAUST010000000000003,2022,M02,February,2.9
AL,LAUST010000000000003,2022,M03,March,2.4
AL,LAUST010000000000003,2022,M04,April,2.1
AL,LAUST010000000000003,2022,M05,May,2.2
AL,LAUST010000000000003,2022,M06,June,3.0
AL,LAUST010000000000003,2022,M07,July,2.9
AL,LAUST010000000000003,2022,M08,August,2.8
AL,LAUST010000000000003,2022,M09,September,2.5
AL,LAUST010000000000003,2022,M10,October,2.4
AL,LAUST010000000000003,2022,M11,November,2.2
AL,LAUST010000000000003,2022,M12,December,2.0
AL,LAUST010000000000003,2023,M01,January,2.6
AL,LAUST010000000000003,2023,M02,February,2.5
AL,LAUST010000000000003,2023,M03,March,2.2
AL,LAUST010000000000003,2023,M04,April,1.8
AL,LAUST010000000000003,2023,M05,May,2.1
AL,LAUST010000000000003,2023,M06,June,2.7
AL,LAUST010000000000003,2023,M07,July,2.6
AL,LAUST010000000000003,2023,M08,August,2.7
AL,LAUST010000000000003,2023,M09,September,2.7
AL,LAUST010000000000003,2023,M10,October,2.6
AL,LAUST010000000000003,2023,M11,November,2.5
AL,LAUST010000000000003,2023,M12,December,2.6
AL,LAUST010000000000003,2024,M01,January,3.2
AL,LAUST010000000000003,2024,M02,February,3.2
AL,LAUST010000000000003,2024,M03,March,2.8
AL,LAUST010000000000003,2024,M04,April,2.4
AL,LAUST010000000000003,2024,M05,May,2.4
AL,LAUST010000000000003,2024,M06,June,3.2
AL,LAUST010000000000003,2024,M07,July,3.3
AL,LAUST010000000000003,2024,M08,August,3.4
AL,LAUST010000000000003,2024,M09,September,3.0
AL,LAUST010000000000003,2024,M10,October,3.0
AL,LAUST010000000000003,2024,M11,November,3.0
AL,LAUST010000000000003,2024,M12,December,2.8
AL,LAUST010000000000003,2025,M01,January,3.3
AL,LAUST010000000000003,2025,M02,February,3.3
AL,LAUST010000000000003,2025,M03,March,3.0
AL,LAUST010000000000003,2025,M04,April,2.4
AL,LAUST010000000000003,2025,M05,May,2.5
AL,LAUST010000000000003,2025,M06,June,3.0
AL,LAUST010000000000003,2025,M07,July,3.0
AL,LAUST010000000000003,2025,M08,August,3.0
AL,LAUST010000000000003,2025,M09,September,3.0
AL,LAUST010000000000003,2025,M11,November,2.5
AL,LAUST010000000000003,2025,M12,December,2.3
AL,LAUST010000000000003,2026,M01,January,3.0
AL,LAUST010000000000003,2026,M02,February,3.3
AL,LAUST010000000000003,2026,M03,March,2.8
AL,LAUST010000000000003,2026,M04,April,2.6
AL,LAUST010000000000003,2026,M05,May,3.4
AL,LAUST010000000000003,2026,M06,June,3.9
AL,LAUST010000000000003,2026,M07,July,3.7
AL,LAUST010000000000003,2026,M08,August,3.6
AZ,LAUST040000000000003,2022,M01,January,3.8
AZ,LAUST040000000000003,2022,M02,February,3.6
AZ,LAUST040000000000003,2022,M03,March,3.3
AZ,LAUST040000000000003,2022,M04,April,3.4
AZ,LAUST040000000000003,2022,M05,May,3.7
AZ,LAUST040000000000003,2022,M06,June,4.3
AZ,LAUST040000000000003,2022,M07,July,4.2
AZ,LAUST040000000000003,2022,M08,August,4.3
AZ,LAUST040000000000003,2022,M09,September,3.9
AZ,LAUST040000000000003,2022,M10,October,3.9
AZ,LAUST040000000000003,2022,M11,November,3.5
AZ,LAUST040000000000003,2022,M12,December,3.3
AZ,LAUST040000000000003,2023,M01,January,3.5
AZ,LAUST040000000000003,2023,M02,February,3.5
AZ,LAUST040000000000003,2023,M03,March,3.4
AZ,LAUST040000000000003,2023,M04,April,3.3
AZ,LAUST040000000000003,2023,M05,May,3.7
AZ,LAUST040000000000003,2023,M06,June,4.1
AZ,LAUST040000000000003,2023,M07,July,4.2
AZ,LAUST040000000000003,2023,M08,August,4.2
AZ,LAUST040000000000003,2023,M09,September,4.0
AZ,LAUST040000000000003,2023,M10,October,3.9
AZ,LAUST040000000000003,2023,M11,November,3.4
AZ,LAUST040000000000003,2023,M12,December,3.3
AZ,LAUST040000000000003,2024,M01,January,3.4
AZ,LAUST040000000000003,2024,M02,February,3.3
AZ,LAUST040000000000003,2024,M03,March,3.1
AZ,LAUST040000000000003,2024,M04,April,2.9
AZ,LAUST040000000000003,2024,M05,May,3.4
AZ,LAUST040000000000003,2024,M06,June,4.0
AZ,LAUST040000000000003,2024,M07,July,4.4
AZ,LAUST040000000000003,2024,M08,August,4.3
AZ,LAUST040000000000003,2024,M09,September,4.0
AZ,LAUST040000000000003,2024,M10,October,4.0
AZ,LAUST040000000000003,2024,M11,November,3.9
AZ,LAUST040000000000003,2024,M12,December,3.7
AZ,LAUST040000000000003,2025,M01,January,4.0
AZ,LAUST040000000000003,2025,M02,February,4.0
AZ,LAUST040000000000003,2025,M03,March,3.9
AZ,LAUST040000000000003,2025,M04,April,3.8
AZ,LAUST040000000000003,2025,M05,May,4.2
AZ,LAUST040000000000003,2025,M06,June,4.6
AZ,LAUST040000000000003,2025,M07,July,4.8
AZ,LAUST040000000000003,2025,M08,August,4.9
AZ,LAUST040000000000003,2025,M09,September,4.7
AZ,LAUST040000000000003,2025,M11,November,4.3
AZ,LAUST040000000000003,2025,M12,December,4.0
AZ,LAUST040000000000003,2026,M01,January,4.8
AZ,LAUST040000000000003,2026,M02,February,4.7
AZ,LAUST040000000000003,2026,M03,March,4.4
AZ,LAUST040000000000003,2026,M04,April,4.3
AZ,LAUST040000000000003,2026,M05,May,4.7
AZ,LAUST040000000000003,2026,M06,June,5.5
AZ,LAUST040000000000003,2026,M07,July,5.5
AZ,LAUST040000000000003,2026,M08,August,5.6
CA,LAUST060000000000003,2022,M01,January,5.6
CA,LAUST060000000000003,2022,M02,February,5.0
CA,LAUST060000000000003,2022,M03,March,4.5
CA,LAUST060000000000003,2022,M04,April,4.0
CA,LAUST060000000000003,2022,M05,May,3.7
CA,LAUST060000000000003,2022,M06,June,4.2
CA,LAUST060000000000003,2022,M07,July,4.2
CA,LAUST060000000000003,2022,M08,August,4.2
CA,LAUST060000000000003,2022,M09,September,3.8
CA,LAUST060000000000003,2022,M10,October,4.0
CA,LAUST060000000000003,2022,M11,November,4.1
CA,LAUST060000000000003,2022,M12,December,4.0
CA,LAUST060000000000003,2023,M01,January,4.7
CA,LAUST060000000000003,2023,M02,February,4.8
CA,LAUST060000000000003,2023,M03,March,4.7
CA,LAUST060000000000003,2023,M04,April,4.1
CA,LAUST060000000000003,2023,M05,May,4.3
CA,LAUST060000000000003,2023,M06,June,4.8
CA,LAUST060000000000003,2023,M07,July,4.8
CA,LAUST060000000000003,2023,M08,August,5.1
CA,LAUST060000000000003,2023,M09,September,4.8
CA,LAUST060000000000003,2023,M10,October,4.9
CA,LAUST060000000000003,2023,M11,November,4.8
CA,LAUST060000000000003,2023,M12,December,4.9
CA,LAUST060000000000003,2024,M01,January,5.4
CA,LAUST060000000000003,2024,M02,February,5.4
CA,LAUST060000000000003,2024,M03,March,5.2
CA,LAUST060000000000003,2024,M04,April,4.8
CA,LAUST060000000000003,2024,M05,May,4.7
CA,LAUST060000000000003,2024,M06,June,5.5
CA,LAUST060000000000003,2024,M07,July,5.9
CA,LAUST060000000000003,2024,M08,August,5.8
CA,LAUST060000000000003,2024,M09,September,5.2
CA,LAUST060000000000003,2024,M10,October,5.3
CA,LAUST060000000000003,2024,M11,November,5.3
CA,LAUST060000000000003,2024,M12,December,5.1
CA,LAUST060000000000003,2025,M01,January,5.6
CA,LAUST060000000000003,2025,M02,February,5.6
CA,LAUST060000000000003,2025,M03,March,5.5
CA,LAUST060000000000003,2025,M04,April,5.1
CA,LAUST060000000000003,2025,M05,May,5.0
CA,LAUST060000000000003,2025,M06,June,5.6
CA,LAUST060000000000003,2025,M07,July,5.9
CA,LAUST060000000000003,2025,M08,August,5.8
CA,LAUST060000000000003,2025,M09,September,5.6
CA,LAUST060000000000003,2025,M11,November,5.4
CA,LAUST060000000000003,2025,M12,December,5.1
CA,LAUST060000000000003,2026,M01,January,5.5
CA,LAUST060000000000003,2026,M02,February,5.5
CA,LAUST060000000000003,2026,M03,March,5.2
CA,LAUST060000000000003,2026,M04,April,5.0
CA,LAUST060000000000003,2026,M05,May,4.7
CA,LAUST060000000000003,2026,M06,June,5.2
CA,LAUST060000000000003,2026,M07,July,5.3
CA,LAUST060000000000003,2026,M08,August,5.4
CO,LAUST080000000000003,2022,M01,January,4.2
CO,LAUST080000000000003,2022,M02,February,3.9
CO,LAUST080000000000003,2022,M03,March,3.4
CO,LAUST080000000000003,2022,M04,April,2.9
CO,LAUST080000000000003,2022,M05,May,2.8
CO,LAUST080000000000003,2022,M06,June,3.0
CO,LAUST080000000000003,2022,M07,July,3.0
CO,LAUST080000000000003,2022,M08,August,2.8
CO,LAUST080000000000003,2022,M09,September,2.7
CO,LAUST080000000000003,2022,M10,October,2.8
CO,LAUST080000000000003,2022,M11,November,2.9
CO,LAUST080000000000003,2022,M12,December,2.7
CO,LAUST080000000000003,2023,M01,January,3.2
CO,LAUST080000000000003,2023,M02,February,3.4
CO,LAUST080000000000003,2023,M03,March,3.0
CO,LAUST080000000000003,2023,M04,April,2.7
CO,LAUST080000000000003,2023,M05,May,3.0
CO,LAUST080000000000003,2023,M06,June,3.6
CO,LAUST080000000000003,2023,M07,July,3.3
CO,LAUST080000000000003,2023,M08,August,3.5
CO,LAUST080000000000003,2023,M09,September,3.3
CO,LAUST080000000000003,2023,M10,October,3.4
CO,LAUST080000000000003,2023,M11,November,3.4
CO,LAUST080000000000003,2023,M12,December,3.6
CO,LAUST080000000000003,2024,M01,January,4.1
CO,LAUST080000000000003,2024,M02,February,4.2
CO,LAUST080000000000003,2024,M03,March,3.7
CO,LAUST080000000000003,2024,M04,April,3.7
CO,LAUST080000000000003,2024,M05,May,3.9
CO,LAUST080000000000003,2024,M06,June,4.3
CO,LAUST080000000000003,2024,M07,July,4.4
CO,LAUST080000000000003,2024,M08,August,4.4
CO,LAUST080000000000003,2024,M09,September,4.1
CO,LAUST080000000000003,2024,M10,October,4.2
CO,LAUST080000000000003,2024,M11,November,4.4
CO,LAUST080000000000003,2024,M12,December,4.2
CO,LAUST080000000000003,2025,M01,January,4.5
CO,LAUST080000000000003,2025,M02,February,4.6
CO,LAUST080000000000003,2025,M03,March,4.2
CO,LAUST080000000000003,2025,M04,April,3.9
CO,LAUST080000000000003,2025,M05,May,4.0
CO,LAUST080000000000003,2025,M06,June,4.0
CO,LAUST080000000000003,2025,M07,July,4.1
CO,LAUST080000000000003,2025,M08,August,3.9
CO,LAUST080000000000003,2025,M09,September,3.8
CO,LAUST080000000000003,2025,M11,November,3.8
CO,LAUST080000000000003,2025,M12,December,3.6
CO,LAUST080000000000003,2026,M01,January,4.3
CO,LAUST080000000000003,2026,M02,February,4.4
CO,LAUST080000000000003,2026,M03,March,3.8
CO,LAUST080000000000003,2026,M04,April,3.5
CO,LAUST080000000000003,2026,M05,May,3.7
CO,LAUST080000000000003,2026,M06,June,4.0
CO,LAUST080000000000003,2026,M07,July,4.1
CO,LAUST080000000000003,2026,M08,August,4.6
CT,LAUST090000000000003,2022,M01,January,5.4
CT,LAUST090000000000003,2022,M02,February,5.2
CT,LAUST090000000000003,2022,M03,March,4.5
CT,LAUST090000000000003,2022,M04,April,3.9
CT,LAUST090000000000003,2022,M05,May,4.2
CT,LAUST090000000000003,2022,M06,June,4.0
CT,LAUST090000000000003,2022,M07,July,4.3
CT,LAUST090000000000003,2022,M08,August,3.9
CT,LAUST090000000000003,2022,M09,September,3.4
CT,LAUST090000000000003,2022,M10,October,3.5
CT,LAUST090000000000003,2022,M11,November,3.2
CT,LAUST090000000000003,2022,M12,December,2.9
CT,LAUST090000000000003,2023,M01,January,3.8
CT,LAUST090000000000003,2023,M02,February,4.0
CT,LAUST090000000000003,2023,M03,March,3.4
CT,LAUST090000000000003,2023,M04,April,2.6
CT,LAUST090000000000003,2023,M05,May,3.2
CT,LAUST090000000000003,2023,M06,June,3.0
CT,LAUST090000000000003,2023,M07,July,3.4
CT,LAUST090000000000003,2023,M08,August,3.3
CT,LAUST090000000000003,2023,M09,September,2.9
CT,LAUST090000000000003,2023,M10,October,3.1
CT,LAUST090000000000003,2023,M11,November,2.9
CT,LAUST090000000000003,2023,M12,December,2.8
CT,LAUST090000000000003,2024,M01,January,3.7
CT,LAUST090000000000003,2024,M02,February,3.9
CT,LAUST090000000000003,2024,M03,March,3.3
CT,LAUST090000000000003,2024,M04,April,2.7
CT,LAUST090000000000003,2024,M05,May,3.2
CT,LAUST090000000000003,2024,M06,June,3.0
CT,LAUST090000000000003,2024,M07,July,3.8
CT,LAUST090000000000003,2024,M08,August,3.5
CT,LAUST090000000000003,2024,M09,September,3.0
CT,LAUST090000000000003,2024,M10,October,3.2
CT,LAUST090000000000003,2024,M11,November,3.2
CT,LAUST090000000000003,2024,M12,December,3.0
CT,LAUST090000000000003,2025,M01,January,4.1
CT,LAUST090000000000003,2025,M02,February,4.3
CT,LAUST090000000000003,2025,M03,March,3.9
CT,LAUST090000000000003,2025,M04,April,3.3
CT,LAUST090000000000003,2025,M05,May,3.8
CT,LAUST090000000000003,2025,M06,June,3.6
CT,LAUST090000000000003,2025,M07,July,4.3
CT,LAUST090000000000003,2025,M08,August,4.1
CT,LAUST090000000000003,2025,M09,September,4.0
CT,LAUST090000000000003,2025,M11,November,4.4
CT,LAUST090000000000003,2025,M12,December,4.1
CT,LAUST090000000000003,2026,M01,January,5.5
CT,LAUST090000000000003,2026,M02,February,5.8
CT,LAUST090000000000003,2026,M03,March,5.1
CT,LAUST090000000000003,2026,M04,April,5.2
CT,LAUST090000000000003,2026,M05,May,5.0
CT,LAUST090000000000003,2026,M06,June,4.9
CT,LAUST090000000000003,2026,M07,July,5.8
CT,LAUST090000000000003,2026,M08,August,4.7
FL,LAUST120000000000003,2022,M01,January,3.7
FL,LAUST120000000000003,2022,M02,February,3.3
FL,LAUST120000000000003,2022,M03,March,3.0
FL,LAUST120000000000003,2022,M04,April,2.8
FL,LAUST120000000000003,2022,M05,May,2.8
FL,LAUST120000000000003,2022,M06,June,3.2
FL,LAUST120000000000003,2022,M07,July,3.1
FL,LAUST120000000000003,2022,M08,August,3.2
FL,LAUST120000000000003,2022,M09,September,2.9
FL,LAUST120000000000003,2022,M10,October,3.0
FL,LAUST120000000000003,2022,M11,November,2.9
FL,LAUST120000000000003,2022,M12,December,2.5
FL,LAUST120000000000003,2023,M01,January,2.9
FL,LAUST120000000000003,2023,M02,February,2.7
FL,LAUST120000000000003,2023,M03,March,2.7
FL,LAUST120000000000003,2023,M04,April,2.4
FL,LAUST120000000000003,2023,M05,May,2.7
FL,LAUST120000000000003,2023,M06,June,3.1
FL,LAUST120000000000003,2023,M07,July,3.1
FL,LAUST120000000000003,2023,M08,August,3.3
FL,LAUST120000000000003,2023,M09,September,3.2
FL,LAUST120000000000003,2023,M10,October,3.2
FL,LAUST120000000000003,2023,M11,November,3.1
FL,LAUST120000000000003,2023,M12,December,2.9
FL,LAUST120000000000003,2024,M01,January,3.2
FL,LAUST120000000000003,2024,M02,February,3.1
FL,LAUST120000000000003,2024,M03,March,3.1
FL,LAUST120000000000003,2024,M04,April,2.9
FL,LAUST120000000000003,2024,M05,May,3.1
FL,LAUST120000000000003,2024,M06,June,3.6
FL,LAUST120000000000003,2024,M07,July,3.8
FL,LAUST120000000000003,2024,M08,August,3.8
FL,LAUST120000000000003,2024,M09,September,3.5
FL,LAUST120000000000003,2024,M10,October,3.5
FL,LAUST120000000000003,2024,M11,November,3.6
FL,LAUST120000000000003,2024,M12,December,3.2
FL,LAUST120000000000003,2025,M01,January,3.6
FL,LAUST120000000000003,2025,M02,February,3.5
FL,LAUST120000000000003,2025,M03,March,3.5
FL,LAUST120000000000003,2025,M04,April,3.4
FL,LAUST120000000000003,2025,M05,May,3.5
FL,LAUST120000000000003,2025,M06,June,3.9
FL,LAUST120000000000003,2025,M07,July,4.1
FL,LAUST120000000000003,2025,M08,August,4.3
FL,LAUST120000000000003,2025,M09,September,4.2
FL,LAUST120000000000003,2025,M11,November,4.8
FL,LAUST120000000000003,2025,M12,December,4.4
FL,LAUST120000000000003,2026,M01,January,4.9
FL,LAUST120000000000003,2026,M02,February,4.8
FL,LAUST120000000000003,2026,M03,March,4.4
FL,LAUST120000000000003,2026,M04,April,4.6
FL,LAUST120000000000003,2026,M05,May,4.4
FL,LAUST120000000000003,2026,M06,June,4.6
FL,LAUST120000000000003,2026,M07,July,4.6
FL,LAUST120000000000003,2026,M08,August,4.6
GA,LAUST130000000000003,2022,M01,January,3.4
GA,LAUST130000000000003,2022,M02,February,3.2
GA,LAUST130000000000003,2022,M03,March,3.0
GA,LAUST130000000000003,2022,M04,April,2.6
GA,LAUST130000000000003,2022,M05,May,2.9
GA,LAUST130000000000003,2022,M06,June,3.5
GA,LAUST130000000000003,2022,M07,July,3.2
GA,LAUST130000000000003,2022,M08,August,3.5
GA,LAUST130000000000003,2022,M09,September,3.0
GA,LAUST130000000000003,2022,M10,October,3.3
GA,LAUST130000000000003,2022,M11,November,3.1
GA,LAUST130000000000003,2022,M12,December,2.9
GA,LAUST130000000000003,2023,M01,January,3.4
GA,LAUST130000000000003,2023,M02,February,3.4
GA,LAUST130000000000003,2023,M03,March,3.3
GA,LAUST130000000000003,2023,M04,April,2.7
GA,LAUST130000000000003,2023,M05,May,3.3
GA,LAUST130000000000003,2023,M06,June,3.5
GA,LAUST130000000000003,2023,M07,July,3.3
GA,LAUST130000000000003,2023,M08,August,3.7
GA,LAUST130000000000003,2023,M09,September,3.2
GA,LAUST130000000000003,2023,M10,October,3.3
GA,LAUST130000000000003,2023,M11,November,3.0
GA,LAUST130000000000003,2023,M12,December,3.0
GA,LAUST130000000000003,2024,M01,January,3.3
GA,LAUST130000000000003,2024,M02,February,3.3
GA,LAUST130000000000003,2024,M03,March,3.3
GA,LAUST130000000000003,2024,M04,April,2.9
GA,LAUST130000000000003,2024,M05,May,3.4
GA,LAUST130000000000003,2024,M06,June,3.9
GA,LAUST130000000000003,2024,M07,July,3.8
GA,LAUST130000000000003,2024,M08,August,3.9
GA,LAUST130000000000003,2024,M09,September,3.3
GA,LAUST130000000000003,2024,M10,October,3.4
GA,LAUST130000000000003,2024,M11,November,3.4
GA,LAUST130000000000003,2024,M12,December,3.2
GA,LAUST130000000000003,2025,M01,January,3.4
GA,LAUST130000000000003,2025,M02,February,3.5
GA,LAUST130000000000003,2025,M03,March,3.4
GA,LAUST130000000000003,2025,M04,April,2.9
GA,LAUST130000000000003,2025,M05,May,3.3
GA,LAUST130000000000003,2025,M06,June,3.6
GA,LAUST130000000000003,2025,M07,July,3.6
GA,LAUST130000000000003,2025,M08,August,3.6
GA,LAUST130000000000003,2025,M09,September,3.4
GA,LAUST130000000000003,2025,M11,November,3.6
GA,LAUST130000000000003,2025,M12,December,3.3
GA,LAUST130000000000003,2026,M01,January,3.6
GA,LAUST130000000000003,2026,M02,February,3.6
GA,LAUST130000000000003,2026,M03,March,3.3
GA,LAUST130000000000003,2026,M04,April,2.8
GA,LAUST130000000000003,2026,M05,May,3.2
GA,LAUST130000000000003,2026,M06,June,3.6
GA,LAUST130000000000003,2026,M07,July,3.3
GA,LAUST130000000000003,2026,M08,August,3.4
IA,LAUST190000000000003,2022,M01,January,3.7
IA,LAUST190000000000003,2022,M02,February,3.1
IA,LAUST190000000000003,2022,M03,March,2.9
IA,LAUST190000000000003,2022,M04,April,2.1
IA,LAUST190000000000003,2022,M05,May,2.4
IA,LAUST190000000000003,2022,M06,June,2.8
IA,LAUST190000000000003,2022,M07,July,3.1
IA,LAUST190000000000003,2022,M08,August,3.2
IA,LAUST190000000000003,2022,M09,September,2.6
IA,LAUST190000000000003,2022,M10,October,2.8
IA,LAUST190000000000003,2022,M11,November,2.8
IA,LAUST190000000000003,2022,M12,December,3.0
IA,LAUST190000000000003,2023,M01,January,3.7
IA,LAUST190000000000003,2023,M02,February,3.3
IA,LAUST190000000000003,2023,M03,March,3.2
IA,LAUST190000000000003,2023,M04,April,2.3
IA,LAUST190000000000003,2023,M05,May,2.8
IA,LAUST190000000000003,2023,M06,June,3.1
IA,LAUST190000000000003,2023,M07,July,3.1
IA,LAUST190000000000003,2023,M08,August,3.3
IA,LAUST190000000000003,2023,M09,September,2.7
IA,LAUST190000000000003,2023,M10,October,2.9
IA,LAUST190000000000003,2023,M11,November,2.6
IA,LAUST190000000000003,2023,M12,December,2.7
IA,LAUST190000000000003,2024,M01,January,3.6
IA,LAUST190000000000003,2024,M02,February,3.2
IA,LAUST190000000000003,2024,M03,March,2.8
IA,LAUST190000000000003,2024,M04,April,2.3
IA,LAUST190000000000003,2024,M05,May,2.7
IA,LAUST190000000000003,2024,M06,June,3.2
IA,LAUST190000000000003,2024,M07,July,3.6
IA,LAUST190000000000003,2024,M08,August,3.6
IA,LAUST190000000000003,2024,M09,September,3.0
IA,LAUST190000000000003,2024,M10,October,3.3
IA,LAUST190000000000003,2024,M11,November,3.3
IA,LAUST190000000000003,2024,M12,December,3.3
IA,LAUST190000000000003,2025,M01,January,4.2
IA,LAUST190000000000003,2025,M02,February,3.8
IA,LAUST190000000000003,2025,M03,March,3.7
IA,LAUST190000000000003,2025,M04,April,3.1
IA,LAUST190000000000003,2025,M05,May,3.3
IA,LAUST190000000000003,2025,M06,June,3.5
IA,LAUST190000000000003,2025,M07,July,3.7
IA,LAUST190000000000003,2025,M08,August,3.8
IA,LAUST190000000000003,2025,M09,September,3.1
IA,LAUST190000000000003,2025,M11,November,3.2
IA,LAUST190000000000003,2025,M12,December,3.3
IA,LAUST190000000000003,2026,M01,January,3.9
IA,LAUST190000000000003,2026,M02,February,3.6
IA,LAUST190000000000003,2026,M03,March,3.3
IA,LAUST190000000000003,2026,M04,April,2.5
IA,LAUST190000000000003,2026,M05,May,2.8
IA,LAUST190000000000003,2026,M06,June,3.2
IA,LAUST190000000000003,2026,M07,July,3.4
IA,LAUST190000000000003,2026,M08,August,3.6
IL,LAUST170000000000003,2022,M01,January,5.2
IL,LAUST170000000000003,2022,M02,February,5.0
IL,LAUST170000000000003,2022,M03,March,4.6
IL,LAUST170000000000003,2022,M04,April,4.4
IL,LAUST170000000000003,2022,M05,May,4.4
IL,LAUST170000000000003,2022,M06,June,4.9
IL,LAUST170000000000003,2022,M07,July,4.8
IL,LAUST170000000000003,2022,M08,August,4.9
IL,LAUST170000000000003,2022,M09,September,4.4
IL,LAUST170000000000003,2022,M10,October,4.3
IL,LAUST170000000000003,2022,M11,November,4.2
IL,LAUST170000000000003,2022,M12,December,4.0
IL,LAUST170000000000003,2023,M01,January,4.7
IL,LAUST170000000000003,2023,M02,February,4.6
IL,LAUST170000000000003,2023,M03,March,4.4
IL,LAUST170000000000003,2023,M04,April,3.8
IL,LAUST170000000000003,2023,M05,May,4.0
IL,LAUST170000000000003,2023,M06,June,4.7
IL,LAUST170000000000003,2023,M07,July,4.7
IL,LAUST170000000000003,2023,M08,August,5.1
IL,LAUST170000000000003,2023,M09,September,4.7
IL,LAUST170000000000003,2023,M10,October,4.5
IL,LAUST170000000000003,2023,M11,November,4.2
IL,LAUST170000000000003,2023,M12,December,4.4
IL,LAUST170000000000003,2024,M01,January,5.2
IL,LAUST170000000000003,2024,M02,February,5.3
IL,LAUST170000000000003,2024,M03,March,5.0
IL,LAUST170000000000003,2024,M04,April,4.6
IL,LAUST170000000000003,2024,M05,May,4.8
IL,LAUST170000000000003,2024,M06,June,5.7
IL,LAUST170000000000003,2024,M07,July,5.7
IL,LAUST170000000000003,2024,M08,August,5.4
IL,LAUST170000000000003,2024,M09,September,4.8
IL,LAUST170000000000003,2024,M10,October,4.7
IL,LAUST170000000000003,2024,M11,November,4.5
IL,LAUST170000000000003,2024,M12,December,4.3
IL,LAUST170000000000003,2025,M01,January,5.0
IL,LAUST170000000000003,2025,M02,February,5.0
IL,LAUST170000000000003,2025,M03,March,4.7
IL,LAUST170000000000003,2025,M04,April,4.2
IL,LAUST170000000000003,2025,M05,May,4.2
IL,LAUST170000000000003,2025,M06,June,4.6
IL,LAUST170000000000003,2025,M07,July,4.7
IL,LAUST170000000000003,2025,M08,August,4.6
IL,LAUST170000000000003,2025,M09,September,4.3
IL,LAUST170000000000003,2025,M11,November,4.8
IL,LAUST170000000000003,2025,M12,December,4.8
IL,LAUST170000000000003,2026,M01,January,5.4
IL,LAUST170000000000003,2026,M02,February,5.5
IL,LAUST170000000000003,2026,M03,March,5.2
IL,LAUST170000000000003,2026,M04,April,4.7
IL,LAUST170000000000003,2026,M05,May,4.7
IL,LAUST170000000000003,2026,M06,June,5.1
IL,LAUST170000000000003,2026,M07,July,4.6
IL,LAUST170000000000003,2026,M08,August,4.9
ME,LAUST230000000000003,2022,M01,January,4.4
ME,LAUST230000000000003,2022,M02,February,4.1
ME,LAUST230000000000003,2022,M03,March,3.6
ME,LAUST230000000000003,2022,M04,April,3.0
ME,LAUST230000000000003,2022,M05,May,2.8
ME,LAUST230000000000003,2022,M06,June,2.4
ME,LAUST230000000000003,2022,M07,July,2.2
ME,LAUST230000000000003,2022,M08,August,2.1
ME,LAUST230000000000003,2022,M09,September,2.1
ME,LAUST230000000000003,2022,M10,October,2.3
ME,LAUST230000000000003,2022,M11,November,2.6
ME,LAUST230000000000003,2022,M12,December,2.5
ME,LAUST230000000000003,2023,M01,January,3.1
ME,LAUST230000000000003,2023,M02,February,3.4
ME,LAUST230000000000003,2023,M03,March,3.1
ME,LAUST230000000000003,2023,M04,April,2.5
ME,LAUST230000000000003,2023,M05,May,2.6
ME,LAUST230000000000003,2023,M06,June,2.3
ME,LAUST230000000000003,2023,M07,July,2.3
ME,LAUST230000000000003,2023,M08,August,2.3
ME,LAUST230000000000003,2023,M09,September,2.2
ME,LAUST230000000000003,2023,M10,October,2.4
ME,LAUST230000000000003,2023,M11,November,2.7
ME,LAUST230000000000003,2023,M12,December,2.9
ME,LAUST230000000000003,2024,M01,January,3.4
ME,LAUST230000000000003,2024,M02,February,3.6
ME,LAUST230000000000003,2024,M03,March,3.3
ME,LAUST230000000000003,2024,M04,April,2.9
ME,LAUST230000000000003,2024,M05,May,2.8
ME,LAUST230000000000003,2024,M06,June,2.6
ME,LAUST230000000000003,2024,M07,July,2.8
ME,LAUST230000000000003,2024,M08,August,2.7
ME,LAUST230000000000003,2024,M09,September,2.6
ME,LAUST230000000000003,2024,M10,October,2.8
ME,LAUST230000000000003,2024,M11,November,3.3
ME,LAUST230000000000003,2024,M12,December,3.3
ME,LAUST230000000000003,2025,M01,January,3.9
ME,LAUST230000000000003,2025,M02,February,4.0
ME,LAUST230000000000003,2025,M03,March,3.8
ME,LAUST230000000000003,2025,M04,April,3.4
ME,LAUST230000000000003,2025,M05,May,3.3
ME,LAUST230000000000003,2025,M06,June,2.8
ME,LAUST230000000000003,2025,M07,July,3.0
ME,LAUST230000000000003,2025,M08,August,3.0
ME,LAUST230000000000003,2025,M09,September,3.0
ME,LAUST230000000000003,2025,M11,November,3.4
ME,LAUST230000000000003,2025,M12,December,3.3
ME,LAUST230000000000003,2026,M01,January,3.9
ME,LAUST230000000000003,2026,M02,February,3.7
ME,LAUST230000000000003,2026,M03,March,3.3
ME,LAUST230000000000003,2026,M04,April,3.3
ME,LAUST230000000000003,2026,M05,May,3.1
ME,LAUST230000000000003,2026,M06,June,2.7
ME,LAUST230000000000003,2026,M07,July,3.0
ME,LAUST230000000000003,2026,M08,August,3.1
MI,LAUST260000000000003,2022,M01,January,5.1
MI,LAUST260000000000003,2022,M02,February,4.9
MI,LAUST260000000000003,2022,M03,March,4.4
MI,LAUST260000000000003,2022,M04,April,4.0
MI,LAUST260000000000003,2022,M05,May,4.2
MI,LAUST260000000000003,2022,M06,June,4.4
MI,LAUST260000000000003,2022,M07,July,4.4
MI,LAUST260000000000003,2022,M08,August,4.1
MI,LAUST260000000000003,2022,M09,September,3.7
MI,LAUST260000000000003,2022,M10,October,3.7
MI,LAUST260000000000003,2022,M11,November,3.5
MI,LAUST260000000000003,2022,M12,December,3.7
MI,LAUST260000000000003,2023,M01,January,4.5
MI,LAUST260000000000003,2023,M02,February,4.4
MI,LAUST260000000000003,2023,M03,March,4.0
MI,LAUST260000000000003,2023,M04,April,3.1
MI,LAUST260000000000003,2023,M05,May,3.8
MI,LAUST260000000000003,2023,M06,June,4.1
MI,LAUST260000000000003,2023,M07,July,4.4
MI,LAUST260000000000003,2023,M08,August,4.1
MI,LAUST260000000000003,2023,M09,September,3.8
MI,LAUST260000000000003,2023,M10,October,3.8
MI,LAUST260000000000003,2023,M11,November,3.4
MI,LAUST260000000000003,2023,M12,December,3.6
MI,LAUST260000000000003,2024,M01,January,4.2
MI,LAUST260000000000003,2024,M02,February,4.4
MI,LAUST260000000000003,2024,M03,March,4.3
MI,LAUST260000000000003,2024,M04,April,3.9
MI,LAUST260000000000003,2024,M05,May,4.4
MI,LAUST260000000000003,2024,M06,June,5.1
MI,LAUST260000000000003,2024,M07,July,5.8
MI,LAUST260000000000003,2024,M08,August,4.9
MI,LAUST260000000000003,2024,M09,September,4.6
MI,LAUST260000000000003,2024,M10,October,4.8
MI,LAUST260000000000003,2024,M11,November,4.8
MI,LAUST260000000000003,2024,M12,December,5.0
MI,LAUST260000000000003,2025,M01,January,5.7
MI,LAUST260000000000003,2025,M02,February,5.7
MI,LAUST260000000000003,2025,M03,March,5.5
MI,LAUST260000000000003,2025,M04,April,4.7
MI,LAUST260000000000003,2025,M05,May,5.1
MI,LAUST260000000000003,2025,M06,June,5.2
MI,LAUST260000000000003,2025,M07,July,5.7
MI,LAUST260000000000003,2025,M08,August,4.9
MI,LAUST260000000000003,2025,M09,September,4.6
MI,LAUST260000000000003,2025,M11,November,4.8
MI,LAUST260000000000003,2025,M12,December,4.8
MI,LAUST260000000000003,2026,M01,January,5.6
MI,LAUST260000000000003,2026,M02,February,5.3
MI,LAUST260000000000003,2026,M03,March,5.1
MI,LAUST260000000000003,2026,M04,April,4.5
MI,LAUST260000000000003,2026,M05,May,5.2
MI,LAUST260000000000003,2026,M06,June,5.1
MI,LAUST260000000000003,2026,M07,July,5.4
MI,LAUST260000000000003,2026,M08,August,5.2
MN,LAUST270000000000003,2022,M01,January,3.4
MN,LAUST270000000000003,2022,M02,February,3.0
MN,LAUST270000000000003,2022,M03,March,2.8
MN,LAUST270000000000003,2022,M04,April,2.1
MN,LAUST270000000000003,2022,M05,May,2.0
MN,LAUST270000000000003,2022,M06,June,2.5
MN,LAUST270000000000003,2022,M07,July,2.3
MN,LAUST270000000000003,2022,M08,August,2.4
MN,LAUST270000000000003,2022,M09,September,1.9
MN,LAUST270000000000003,2022,M10,October,1.9
MN,LAUST270000000000003,2022,M11,November,2.1
MN,LAUST270000000000003,2022,M12,December,2.7
MN,LAUST270000000000003,2023,M01,January,3.3
MN,LAUST270000000000003,2023,M02,February,3.4
MN,LAUST270000000000003,2023,M03,March,3.2
MN,LAUST270000000000003,2023,M04,April,2.7
MN,LAUST270000000000003,2023,M05,May,2.7
MN,LAUST270000000000003,2023,M06,June,3.1
MN,LAUST270000000000003,2023,M07,July,2.8
MN,LAUST270000000000003,2023,M08,August,2.9
MN,LAUST270000000000003,2023,M09,September,2.4
MN,LAUST270000000000003,2023,M10,October,2.3
MN,LAUST270000000000003,2023,M11,November,2.0
MN,LAUST270000000000003,2023,M12,December,2.6
MN,LAUST270000000000003,2024,M01,January,3.4
MN,LAUST270000000000003,2024,M02,February,3.6
MN,LAUST270000000000003,2024,M03,March,3.4
MN,LAUST270000000000003,2024,M04,April,2.9
MN,LAUST270000000000003,2024,M05,May,2.8
MN,LAUST270000000000003,2024,M06,June,3.5
MN,LAUST270000000000003,2024,M07,July,3.5
MN,LAUST270000000000003,2024,M08,August,3.4
MN,LAUST270000000000003,2024,M09,September,2.7
MN,LAUST270000000000003,2024,M10,October,2.6
MN,LAUST270000000000003,2024,M11,November,2.8
MN,LAUST270000000000003,2024,M12,December,3.0
MN,LAUST270000000000003,2025,M01,January,3.9
MN,LAUST270000000000003,2025,M02,February,4.1
MN,LAUST270000000000003,2025,M03,March,4.1
MN,LAUST270000000000003,2025,M04,April,3.5
MN,LAUST270000000000003,2025,M05,May,3.5
MN,LAUST270000000000003,2025,M06,June,4.0
MN,LAUST270000000000003,2025,M07,July,4.0
MN,LAUST270000000000003,2025,M08,August,4.0
MN,LAUST270000000000003,2025,M09,September,3.5
MN,LAUST270000000000003,2025,M11,November,4.1
MN,LAUST270000000000003,2025,M12,December,4.3
MN,LAUST270000000000003,2026,M01,January,5.3
MN,LAUST270000000000003,2026,M02,February,5.3
MN,LAUST270000000000003,2026,M03,March,4.9
MN,LAUST270000000000003,2026,M04,April,4.0
MN,LAUST270000000000003,2026,M05,May,4.0
MN,LAUST270000000000003,2026,M06,June,4.6
MN,LAUST270000000000003,2026,M07,July,4.6
MN,LAUST270000000000003,2026,M08,August,4.8
MT,LAUST300000000000003,2022,M01,January,3.6
MT,LAUST300000000000003,2022,M02,February,3.3
MT,LAUST300000000000003,2022,M03,March,3.0
MT,LAUST300000000000003,2022,M04,April,2.7
MT,LAUST300000000000003,2022,M05,May,2.5
MT,LAUST300000000000003,2022,M06,June,2.8
MT,LAUST300000000000003,2022,M07,July,2.5
MT,LAUST300000000000003,2022,M08,August,2.5
MT,LAUST300000000000003,2022,M09,September,2.0
MT,LAUST300000000000003,2022,M10,October,2.2
MT,LAUST300000000000003,2022,M11,November,2.2
MT,LAUST300000000000003,2022,M12,December,2.7
MT,LAUST300000000000003,2023,M01,January,3.1
MT,LAUST300000000000003,2023,M02,February,3.1
MT,LAUST300000000000003,2023,M03,March,3.0
MT,LAUST300000000000003,2023,M04,April,2.5
MT,LAUST300000000000003,2023,M05,May,2.5
MT,LAUST300000000000003,2023,M06,June,2.6
MT,LAUST300000000000003,2023,M07,July,2.4
MT,LAUST300000000000003,2023,M08,August,2.5
MT,LAUST300000000000003,2023,M09,September,2.4
MT,LAUST300000000000003,2023,M10,October,2.6
MT,LAUST300000000000003,2023,M11,November,2.7
MT,LAUST300000000000003,2023,M12,December,3.4
MT,LAUST300000000000003,2024,M01,January,3.7
MT,LAUST300000000000003,2024,M02,February,3.7
MT,LAUST300000000000003,2024,M03,March,3.4
MT,LAUST300000000000003,2024,M04,April,2.9
MT,LAUST300000000000003,2024,M05,May,2.8
MT,LAUST300000000000003,2024,M06,June,3.1
MT,LAUST300000000000003,2024,M07,July,2.9
MT,LAUST300000000000003,2024,M08,August,2.9
MT,LAUST300000000000003,2024,M09,September,2.4
MT,LAUST300000000000003,2024,M10,October,2.4
MT,LAUST300000000000003,2024,M11,November,2.6
MT,LAUST300000000000003,2024,M12,December,3.1
MT,LAUST300000000000003,2025,M01,January,3.5
MT,LAUST300000000000003,2025,M02,February,3.7
MT,LAUST300000000000003,2025,M03,March,3.5
MT,LAUST300000000000003,2025,M04,April,3.1
MT,LAUST300000000000003,2025,M05,May,3.0
MT,LAUST300000000000003,2025,M06,June,3.2
MT,LAUST300000000000003,2025,M07,July,3.1
MT,LAUST300000000000003,2025,M08,August,3.2
MT,LAUST300000000000003,2025,M09,September,3.1
MT,LAUST300000000000003,2025,M11,November,3.5
MT,LAUST300000000000003,2025,M12,December,3.9
MT,LAUST300000000000003,2026,M01,January,4.5
MT,LAUST300000000000003,2026,M02,February,4.1
MT,LAUST300000000000003,2026,M03,March,4.0
MT,LAUST300000000000003,2026,M04,April,3.0
MT,LAUST300000000000003,2026,M05,May,2.9
MT,LAUST300000000000003,2026,M06,June,3.3
MT,LAUST300000000000003,2026,M07,July,2.8
MT,LAUST300000000000003,2026,M08,August,3.0
NC,LAUST370000000000003,2022,M01,January,4.1
NC,LAUST370000000000003,2022,M02,February,3.9
NC,LAUST370000000000003,2022,M03,March,3.6
NC,LAUST370000000000003,2022,M04,April,3.3
NC,LAUST370000000000003,2022,M05,May,3.5
NC,LAUST370000000000003,2022,M06,June,4.0
NC,LAUST370000000000003,2022,M07,July,3.9
NC,LAUST370000000000003,2022,M08,August,4.1
NC,LAUST370000000000003,2022,M09,September,3.4
NC,LAUST370000000000003,2022,M10,October,3.7
NC,LAUST370000000000003,2022,M11,November,3.6
NC,LAUST370000000000003,2022,M12,December,3.2
NC,LAUST370000000000003,2023,M01,January,3.8
NC,LAUST370000000000003,2023,M02,February,3.8
NC,LAUST370000000000003,2023,M03,March,3.5
NC,LAUST370000000000003,2023,M04,April,3.0
NC,LAUST370000000000003,2023,M05,May,3.4
NC,LAUST370000000000003,2023,M06,June,3.7
NC,LAUST370000000000003,2023,M07,July,3.6
NC,LAUST370000000000003,2023,M08,August,3.8
NC,LAUST370000000000003,2023,M09,September,3.2
NC,LAUST370000000000003,2023,M10,October,3.4
NC,LAUST370000000000003,2023,M11,November,3.4
NC,LAUST370000000000003,2023,M12,December,3.3
NC,LAUST370000000000003,2024,M01,January,3.7
NC,LAUST370000000000003,2024,M02,February,3.8
NC,LAUST370000000000003,2024,M03,March,3.6
NC,LAUST370000000000003,2024,M04,April,3.2
NC,LAUST370000000000003,2024,M05,May,3.5
NC,LAUST370000000000003,2024,M06,June,3.9
NC,LAUST370000000000003,2024,M07,July,4.1
NC,LAUST370000000000003,2024,M08,August,4.0
NC,LAUST370000000000003,2024,M09,September,3.3
NC,LAUST370000000000003,2024,M10,October,3.6
NC,LAUST370000000000003,2024,M11,November,3.8
NC,LAUST370000000000003,2024,M12,December,3.5
NC,LAUST370000000000003,2025,M01,January,4.0
NC,LAUST370000000000003,2025,M02,February,4.0
NC,LAUST370000000000003,2025,M03,March,3.8
NC,LAUST370000000000003,2025,M04,April,3.5
NC,LAUST370000000000003,2025,M05,May,3.7
NC,LAUST370000000000003,2025,M06,June,4.0
NC,LAUST370000000000003,2025,M07,July,4.1
NC,LAUST370000000000003,2025,M08,August,4.1
NC,LAUST370000000000003,2025,M09,September,3.7
NC,LAUST370000000000003,2025,M11,November,3.8
NC,LAUST370000000000003,2025,M12,December,3.4
NC,LAUST370000000000003,2026,M01,January,4.1
NC,LAUST370000000000003,2026,M02,February,3.8
NC,LAUST370000000000003,2026,M03,March,3.5
NC,LAUST370000000000003,2026,M04,April,3.4
NC,LAUST370000000000003,2026,M05,May,3.5
NC,LAUST370000000000003,2026,M06,June,3.5
NC,LAUST370000000000003,2026,M07,July,3.7
NC,LAUST370000000000003,2026,M08,August,3.6
NE,LAUST310000000000003,2022,M01,January,2.5
NE,LAUST310000000000003,2022,M02,February,2.4
NE,LAUST310000000000003,2022,M03,March,2.2
NE,LAUST310000000000003,2022,M04,April,1.9
NE,LAUST310000000000003,2022,M05,May,2.0
NE,LAUST310000000000003,2022,M06,June,2.5
NE,LAUST310000000000003,2022,M07,July,2.4
NE,LAUST310000000000003,2022,M08,August,2.2
NE,LAUST310000000000003,2022,M09,September,2.0
NE,LAUST310000000000003,2022,M10,October,2.1
NE,LAUST310000000000003,2022,M11,November,2.1
NE,LAUST310000000000003,2022,M12,December,2.1
NE,LAUST310000000000003,2023,M01,January,2.3
NE,LAUST310000000000003,2023,M02,February,2.5
NE,LAUST310000000000003,2023,M03,March,2.2
NE,LAUST310000000000003,2023,M04,April,2.0
NE,LAUST310000000000003,2023,M05,May,2.2
NE,LAUST310000000000003,2023,M06,June,2.6
NE,LAUST310000000000003,2023,M07,July,2.4
NE,LAUST310000000000003,2023,M08,August,2.2
NE,LAUST310000000000003,2023,M09,September,2.2
NE,LAUST310000000000003,2023,M10,October,2.5
NE,LAUST310000000000003,2023,M11,November,2.2
NE,LAUST310000000000003,2023,M12,December,2.3
NE,LAUST310000000000003,2024,M01,January,2.8
NE,LAUST310000000000003,2024,M02,February,3.0
NE,LAUST310000000000003,2024,M03,March,2.6
NE,LAUST310000000000003,2024,M04,April,2.4
NE,LAUST310000000000003,2024,M05,May,2.6
NE,LAUST310000000000003,2024,M06,June,3.1
NE,LAUST310000000000003,2024,M07,July,3.0
NE,LAUST310000000000003,2024,M08,August,2.7
NE,LAUST310000000000003,2024,M09,September,2.5
NE,LAUST310000000000003,2024,M10,October,2.7
NE,LAUST310000000000003,2024,M11,November,2.6
NE,LAUST310000000000003,2024,M12,December,2.6
NE,LAUST310000000000003,2025,M01,January,3.2
NE,LAUST310000000000003,2025,M02,February,3.3
NE,LAUST310000000000003,2025,M03,March,2.9
NE,LAUST310000000000003,2025,M04,April,2.8
NE,LAUST310000000000003,2025,M05,May,2.8
NE,LAUST310000000000003,2025,M06,June,3.1
NE,LAUST310000000000003,2025,M07,July,3.1
NE,LAUST310000000000003,2025,M08,August,2.8
NE,LAUST310000000000003,2025,M09,September,2.8
NE,LAUST310000000000003,2025,M11,November,3.0
NE,LAUST310000000000003,2025,M12,December,3.0
NE,LAUST310000000000003,2026,M01,January,3.3
NE,LAUST310000000000003,2026,M02,February,3.5
NE,LAUST310000000000003,2026,M03,March,3.0
NE,LAUST310000000000003,2026,M04,April,2.7
NE,LAUST310000000000003,2026,M05,May,2.8
NE,LAUST310000000000003,2026,M06,June,3.1
NE,LAUST310000000000003,2026,M07,July,3.0
NE,LAUST310000000000003,2026,M08,August,2.8
NH,LAUST330000000000003,2022,M01,January,2.9
NH,LAUST330000000000003,2022,M02,February,2.7
NH,LAUST330000000000003,2022,M03,March,2.5
NH,LAUST330000000000003,2022,M04,April,2.2
NH,LAUST330000000000003,2022,M05,May,2.1
NH,LAUST330000000000003,2022,M06,June,2.3
NH,LAUST330000000000003,2022,M07,July,2.4
NH,LAUST330000000000003,2022,M08,August,2.7
NH,LAUST330000000000003,2022,M09,September,2.4
NH,LAUST330000000000003,2022,M10,October,2.4
NH,LAUST330000000000003,2022,M11,November,2.4
NH,LAUST330000000000003,2022,M12,December,2.2
NH,LAUST330000000000003,2023,M01,January,2.8
NH,LAUST330000000000003,2023,M02,February,2.8
NH,LAUST330000000000003,2023,M03,March,2.5
NH,LAUST330000000000003,2023,M04,April,1.9
NH,LAUST330000000000003,2023,M05,May,2.0
NH,LAUST330000000000003,2023,M06,June,2.2
NH,LAUST330000000000003,2023,M07,July,2.2
NH,LAUST330000000000003,2023,M08,August,2.4
NH,LAUST330000000000003,2023,M09,September,2.2
NH,LAUST330000000000003,2023,M10,October,2.1
NH,LAUST330000000000003,2023,M11,November,2.1
NH,LAUST330000000000003,2023,M12,December,2.1
NH,LAUST330000000000003,2024,M01,January,2.6
NH,LAUST330000000000003,2024,M02,February,2.8
NH,LAUST330000000000003,2024,M03,March,2.6
NH,LAUST330000000000003,2024,M04,April,2.2
NH,LAUST330000000000003,2024,M05,May,2.1
NH,LAUST330000000000003,2024,M06,June,2.5
NH,LAUST330000000000003,2024,M07,July,2.8
NH,LAUST330000000000003,2024,M08,August,2.8
NH,LAUST330000000000003,2024,M09,September,2.4
NH,LAUST330000000000003,2024,M10,October,2.5
NH,LAUST330000000000003,2024,M11,November,2.8
NH,LAUST330000000000003,2024,M12,December,2.7
NH,LAUST330000000000003,2025,M01,January,3.4
NH,LAUST330000000000003,2025,M02,February,3.5
NH,LAUST330000000000003,2025,M03,March,3.4
NH,LAUST330000000000003,2025,M04,April,3.0
NH,LAUST330000000000003,2025,M05,May,2.9
NH,LAUST330000000000003,2025,M06,June,3.0
NH,LAUST330000000000003,2025,M07,July,3.2
NH,LAUST330000000000003,2025,M08,August,3.2
NH,LAUST330000000000003,2025,M09,September,3.1
NH,LAUST330000000000003,2025,M11,November,3.2
NH,LAUST330000000000003,2025,M12,December,3.1
NH,LAUST330000000000003,2026,M01,January,3.6
NH,LAUST330000000000003,2026,M02,February,3.4
NH,LAUST330000000000003,2026,M03,March,3.0
NH,LAUST330000000000003,2026,M04,April,3.0
NH,LAUST330000000000003,2026,M05,May,2.6
NH,LAUST330000000000003,2026,M06,June,2.5
NH,LAUST330000000000003,2026,M07,July,2.7
NH,LAUST330000000000003,2026,M08,August,2.8
NJ,LAUST340000000000003,2022,M01,January,5.7
NJ,LAUST340000000000003,2022,M02,February,5.1
NJ,LAUST340000000000003,2022,M03,March,4.5
NJ,LAUST340000000000003,2022,M04,April,3.8
NJ,LAUST340000000000003,2022,M05,May,3.6
NJ,LAUST340000000000003,2022,M06,June,3.8
NJ,LAUST340000000000003,2022,M07,July,3.8
NJ,LAUST340000000000003,2022,M08,August,3.4
NJ,LAUST340000000000003,2022,M09,September,3.0
NJ,LAUST340000000000003,2022,M10,October,3.2
NJ,LAUST340000000000003,2022,M11,November,3.3
NJ,LAUST340000000000003,2022,M12,December,3.5
NJ,LAUST340000000000003,2023,M01,January,4.3
NJ,LAUST340000000000003,2023,M02,February,4.4
NJ,LAUST340000000000003,2023,M03,March,4.2
NJ,LAUST340000000000003,2023,M04,April,3.6
NJ,LAUST340000000000003,2023,M05,May,4.2
NJ,LAUST340000000000003,2023,M06,June,4.6
NJ,LAUST340000000000003,2023,M07,July,4.8
NJ,LAUST340000000000003,2023,M08,August,4.8
NJ,LAUST340000000000003,2023,M09,September,4.4
NJ,LAUST340000000000003,2023,M10,October,4.3
NJ,LAUST340000000000003,2023,M11,November,4.1
NJ,LAUST340000000000003,2023,M12,December,4.2
NJ,LAUST340000000000003,2024,M01,January,4.8
NJ,LAUST340000000000003,2024,M02,February,4.9
NJ,LAUST340000000000003,2024,M03,March,4.6
NJ,LAUST340000000000003,2024,M04,April,4.1
NJ,LAUST340000000000003,2024,M05,May,4.4
NJ,LAUST340000000000003,2024,M06,June,4.8
NJ,LAUST340000000000003,2024,M07,July,5.4
NJ,LAUST340000000000003,2024,M08,August,5.1
NJ,LAUST340000000000003,2024,M09,September,4.3
NJ,LAUST340000000000003,2024,M10,October,4.4
NJ,LAUST340000000000003,2024,M11,November,4.5
NJ,LAUST340000000000003,2024,M12,December,4.5
NJ,LAUST340000000000003,2025,M01,January,5.2
NJ,LAUST340000000000003,2025,M02,February,5.4
NJ,LAUST340000000000003,2025,M03,March,5.2
NJ,LAUST340000000000003,2025,M04,April,4.8
NJ,LAUST340000000000003,2025,M05,May,5.0
NJ,LAUST340000000000003,2025,M06,June,5.4
NJ,LAUST340000000000003,2025,M07,July,5.9
NJ,LAUST340000000000003,2025,M08,August,5.8
NJ,LAUST340000000000003,2025,M09,September,5.7
NJ,LAUST340000000000003,2025,M11,November,4.7
NJ,LAUST340000000000003,2025,M12,December,4.5
NJ,LAUST340000000000003,2026,M01,January,4.9
NJ,LAUST340000000000003,2026,M02,February,5.3
NJ,LAUST340000000000003,2026,M03,March,4.7
NJ,LAUST340000000000003,2026,M04,April,4.1
NJ,LAUST340000000000003,2026,M05,May,4.2
NJ,LAUST340000000000003,2026,M06,June,4.4
NJ,LAUST340000000000003,2026,M07,July,4.6
NJ,LAUST340000000000003,2026,M08,August,4.7
NM,LAUST350000000000003,2022,M01,January,5.7
NM,LAUST350000000000003,2022,M02,February,5.1
NM,LAUST350000000000003,2022,M03,March,4.4
NM,LAUST350000000000003,2022,M04,April,4.1
NM,LAUST350000000000003,2022,M05,May,4.0
NM,LAUST350000000000003,2022,M06,June,4.7
NM,LAUST350000000000003,2022,M07,July,4.5
NM,LAUST350000000000003,2022,M08,August,3.6
NM,LAUST350000000000003,2022,M09,September,3.4
NM,LAUST350000000000003,2022,M10,October,3.3
NM,LAUST350000000000003,2022,M11,November,3.4
NM,LAUST350000000000003,2022,M12,December,3.1
NM,LAUST350000000000003,2023,M01,January,3.8
NM,LAUST350000000000003,2023,M02,February,3.7
NM,LAUST350000000000003,2023,M03,March,3.2
NM,LAUST350000000000003,2023,M04,April,3.1
NM,LAUST350000000000003,2023,M05,May,3.5
NM,LAUST350000000000003,2023,M06,June,4.2
NM,LAUST350000000000003,2023,M07,July,4.6
NM,LAUST350000000000003,2023,M08,August,3.9
NM,LAUST350000000000003,2023,M09,September,3.6
NM,LAUST350000000000003,2023,M10,October,3.6
NM,LAUST350000000000003,2023,M11,November,3.6
NM,LAUST350000000000003,2023,M12,December,3.4
NM,LAUST350000000000003,2024,M01,January,3.9
NM,LAUST350000000000003,2024,M02,February,3.9
NM,LAUST350000000000003,2024,M03,March,3.5
NM,LAUST350000000000003,2024,M04,April,3.5
NM,LAUST350000000000003,2024,M05,May,3.9
NM,LAUST350000000000003,2024,M06,June,4.8
NM,LAUST350000000000003,2024,M07,July,5.4
NM,LAUST350000000000003,2024,M08,August,4.4
NM,LAUST350000000000003,2024,M09,September,4.0
NM,LAUST350000000000003,2024,M10,October,4.0
NM,LAUST350000000000003,2024,M11,November,4.2
NM,LAUST350000000000003,2024,M12,December,3.7
NM,LAUST350000000000003,2025,M01,January,4.3
NM,LAUST350000000000003,2025,M02,February,4.2
NM,LAUST350000000000003,2025,M03,March,3.7
NM,LAUST350000000000003,2025,M04,April,3.6
NM,LAUST350000000000003,2025,M05,May,3.9
NM,LAUST350000000000003,2025,M06,June,4.6
NM,LAUST350000000000003,2025,M07,July,5.1
NM,LAUST350000000000003,2025,M08,August,4.2
NM,LAUST350000000000003,2025,M09,September,4.0
NM,LAUST350000000000003,2025,M11,November,4.7
NM,LAUST350000000000003,2025,M12,December,4.2
NM,LAUST350000000000003,2026,M01,January,5.1
NM,LAUST350000000000003,2026,M02,February,5.1
NM,LAUST350000000000003,2026,M03,March,4.3
NM,LAUST350000000000003,2026,M04,April,4.6
NM,LAUST350000000000003,2026,M05,May,4.6
NM,LAUST350000000000003,2026,M06,June,5.1
NM,LAUST350000000000003,2026,M07,July,5.6
NM,LAUST350000000000003,2026,M08,August,4.9
NV,LAUST320000000000003,2022,M01,January,5.6
NV,LAUST320000000000003,2022,M02,February,5.3
NV,LAUST320000000000003,2022,M03,March,5.0
NV,LAUST320000000000003,2022,M04,April,5.0
NV,LAUST320000000000003,2022,M05,May,5.1
NV,LAUST320000000000003,2022,M06,June,5.5
NV,LAUST320000000000003,2022,M07,July,5.4
NV,LAUST320000000000003,2022,M08,August,5.4
NV,LAUST320000000000003,2022,M09,September,5.1
NV,LAUST320000000000003,2022,M10,October,5.2
NV,LAUST320000000000003,2022,M11,November,5.1
NV,LAUST320000000000003,2022,M12,December,5.0
NV,LAUST320000000000003,2023,M01,January,5.4
NV,LAUST320000000000003,2023,M02,February,5.3
NV,LAUST320000000000003,2023,M03,March,5.0
NV,LAUST320000000000003,2023,M04,April,4.8
NV,LAUST320000000000003,2023,M05,May,5.1
NV,LAUST320000000000003,2023,M06,June,5.2
NV,LAUST320000000000003,2023,M07,July,5.3
NV,LAUST320000000000003,2023,M08,August,5.3
NV,LAUST320000000000003,2023,M09,September,5.2
NV,LAUST320000000000003,2023,M10,October,5.1
NV,LAUST320000000000003,2023,M11,November,4.9
NV,LAUST320000000000003,2023,M12,December,5.0
NV,LAUST320000000000003,2024,M01,January,5.3
NV,LAUST320000000000003,2024,M02,February,5.4
NV,LAUST320000000000003,2024,M03,March,5.3
NV,LAUST320000000000003,2024,M04,April,5.1
NV,LAUST320000000000003,2024,M05,May,5.2
NV,LAUST320000000000003,2024,M06,June,5.7
NV,LAUST320000000000003,2024,M07,July,5.9
NV,LAUST320000000000003,2024,M08,August,5.7
NV,LAUST320000000000003,2024,M09,September,5.3
NV,LAUST320000000000003,2024,M10,October,5.3
NV,LAUST320000000000003,2024,M11,November,5.3
NV,LAUST320000000000003,2024,M12,December,5.2
NV,LAUST320000000000003,2025,M01,January,5.5
NV,LAUST320000000000003,2025,M02,February,5.4
NV,LAUST320000000000003,2025,M03,March,5.2
NV,LAUST320000000000003,2025,M04,April,5.1
NV,LAUST320000000000003,2025,M05,May,5.2
NV,LAUST320000000000003,2025,M06,June,5.4
NV,LAUST320000000000003,2025,M07,July,5.5
NV,LAUST320000000000003,2025,M08,August,5.3
NV,LAUST320000000000003,2025,M09,September,5.4
NV,LAUST320000000000003,2025,M11,November,5.2
NV,LAUST320000000000003,2025,M12,December,4.9
NV,LAUST320000000000003,2026,M01,January,5.6
NV,LAUST320000000000003,2026,M02,February,5.5
NV,LAUST320000000000003,2026,M03,March,5.1
NV,LAUST320000000000003,2026,M04,April,4.8
NV,LAUST320000000000003,2026,M05,May,5.0
NV,LAUST320000000000003,2026,M06,June,4.9
NV,LAUST320000000000003,2026,M07,July,5.1
NV,LAUST320000000000003,2026,M08,August,4.5
NY,LAUST360000000000003,2022,M01,January,5.6
NY,LAUST360000000000003,2022,M02,February,5.3
NY,LAUST360000000000003,2022,M03,March,4.8
NY,LAUST360000000000003,2022,M04,April,4.2
NY,LAUST360000000000003,2022,M05,May,4.0
NY,LAUST360000000000003,2022,M06,June,4.2
NY,LAUST360000000000003,2022,M07,July,4.4
NY,LAUST360000000000003,2022,M08,August,4.3
NY,LAUST360000000000003,2022,M09,September,3.6
NY,LAUST360000000000003,2022,M10,October,3.7
NY,LAUST360000000000003,2022,M11,November,3.8
NY,LAUST360000000000003,2022,M12,December,3.8
NY,LAUST360000000000003,2023,M01,January,4.4
NY,LAUST360000000000003,2023,M02,February,4.5
NY,LAUST360000000000003,2023,M03,March,4.0
NY,LAUST360000000000003,2023,M04,April,3.5
NY,LAUST360000000000003,2023,M05,May,3.7
NY,LAUST360000000000003,2023,M06,June,3.9
NY,LAUST360000000000003,2023,M07,July,4.1
NY,LAUST360000000000003,2023,M08,August,4.4
NY,LAUST360000000000003,2023,M09,September,3.9
NY,LAUST360000000000003,2023,M10,October,4.1
NY,LAUST360000000000003,2023,M11,November,3.8
NY,LAUST360000000000003,2023,M12,December,4.0
NY,LAUST360000000000003,2024,M01,January,4.3
NY,LAUST360000000000003,2024,M02,February,4.5
NY,LAUST360000000000003,2024,M03,March,4.2
NY,LAUST360000000000003,2024,M04,April,3.8
NY,LAUST360000000000003,2024,M05,May,3.9
NY,LAUST360000000000003,2024,M06,June,4.2
NY,LAUST360000000000003,2024,M07,July,4.7
NY,LAUST360000000000003,2024,M08,August,4.7
NY,LAUST360000000000003,2024,M09,September,3.9
NY,LAUST360000000000003,2024,M10,October,4.0
NY,LAUST360000000000003,2024,M11,November,4.0
NY,LAUST360000000000003,2024,M12,December,3.9
NY,LAUST360000000000003,2025,M01,January,4.3
NY,LAUST360000000000003,2025,M02,February,4.4
NY,LAUST360000000000003,2025,M03,March,4.1
NY,LAUST360000000000003,2025,M04,April,3.8
NY,LAUST360000000000003,2025,M05,May,3.8
NY,LAUST360000000000003,2025,M06,June,4.1
NY,LAUST360000000000003,2025,M07,July,4.8
NY,LAUST360000000000003,2025,M08,August,4.9
NY,LAUST360000000000003,2025,M09,September,4.7
NY,LAUST360000000000003,2025,M11,November,4.4
NY,LAUST360000000000003,2025,M12,December,4.3
NY,LAUST360000000000003,2026,M01,January,4.7
NY,LAUST360000000000003,2026,M02,February,5.2
NY,LAUST360000000000003,2026,M03,March,4.4
NY,LAUST360000000000003,2026,M04,April,4.2
NY,LAUST360000000000003,2026,M05,May,4.2
NY,LAUST360000000000003,2026,M06,June,4.4
NY,LAUST360000000000003,2026,M07,July,4.2
NY,LAUST360000000000003,2026,M08,August,4.6
OH,LAUST390000000000003,2022,M01,January,4.7
OH,LAUST390000000000003,2022,M02,February,4.6
OH,LAUST390000000000003,2022,M03,March,4.2
OH,LAUST390000000000003,2022,M04,April,3.7
OH,LAUST390000000000003,2022,M05,May,3.6
OH,LAUST390000000000003,2022,M06,June,4.4
OH,LAUST390000000000003,2022,M07,July,4.3
OH,LAUST390000000000003,2022,M08,August,4.2
OH,LAUST390000000000003,2022,M09,September,3.8
OH,LAUST390000000000003,2022,M10,October,3.7
OH,LAUST390000000000003,2022,M11,November,3.4
OH,LAUST390000000000003,2022,M12,December,3.4
OH,LAUST390000000000003,2023,M01,January,4.2
OH,LAUST390000000000003,2023,M02,February,4.3
OH,LAUST390000000000003,2023,M03,March,3.9
OH,LAUST390000000000003,2023,M04,April,3.2
OH,LAUST390000000000003,2023,M05,May,3.4
OH,LAUST390000000000003,2023,M06,June,3.8
OH,LAUST390000000000003,2023,M07,July,3.6
OH,LAUST390000000000003,2023,M08,August,3.7
OH,LAUST390000000000003,2023,M09,September,3.6
OH,LAUST390000000000003,2023,M10,October,3.5
OH,LAUST390000000000003,2023,M11,November,3.2
OH,LAUST390000000000003,2023,M12,December,3.5
OH,LAUST390000000000003,2024,M01,January,4.5
OH,LAUST390000000000003,2024,M02,February,4.6
OH,LAUST390000000000003,2024,M03,March,4.4
OH,LAUST390000000000003,2024,M04,April,4.0
OH,LAUST390000000000003,2024,M05,May,4.1
OH,LAUST390000000000003,2024,M06,June,4.7
OH,LAUST390000000000003,2024,M07,July,4.8
OH,LAUST390000000000003,2024,M08,August,4.4
OH,LAUST390000000000003,2024,M09,September,4.1
OH,LAUST390000000000003,2024,M10,October,4.0
OH,LAUST390000000000003,2024,M11,November,4.3
OH,LAUST390000000000003,2024,M12,December,4.4
OH,LAUST390000000000003,2025,M01,January,5.4
OH,LAUST390000000000003,2025,M02,February,5.5
OH,LAUST390000000000003,2025,M03,March,5.1
OH,LAUST390000000000003,2025,M04,April,4.6
OH,LAUST390000000000003,2025,M05,May,4.5
OH,LAUST390000000000003,2025,M06,June,4.8
OH,LAUST390000000000003,2025,M07,July,4.9
OH,LAUST390000000000003,2025,M08,August,4.4
OH,LAUST390000000000003,2025,M09,September,4.0
OH,LAUST390000000000003,2025,M11,November,4.0
OH,LAUST390000000000003,2025,M12,December,4.0
OH,LAUST390000000000003,2026,M01,January,4.6
OH,LAUST390000000000003,2026,M02,February,4.7
OH,LAUST390000000000003,2026,M03,March,4.0
OH,LAUST390000000000003,2026,M04,April,3.1
OH,LAUST390000000000003,2026,M05,May,3.0
OH,LAUST390000000000003,2026,M06,June,3.7
OH,LAUST390000000000003,2026,M07,July,3.4
OH,LAUST390000000000003,2026,M08,August,3.3
OR,LAUST410000000000003,2022,M01,January,4.7
OR,LAUST410000000000003,2022,M02,February,4.2
OR,LAUST410000000000003,2022,M03,March,4.1
OR,LAUST410000000000003,2022,M04,April,3.5
OR,LAUST410000000000003,2022,M05,May,3.4
OR,LAUST410000000000003,2022,M06,June,3.9
OR,LAUST410000000000003,2022,M07,July,4.2
OR,LAUST410000000000003,2022,M08,August,4.3
OR,LAUST410000000000003,2022,M09,September,3.9
OR,LAUST410000000000003,2022,M10,October,3.8
OR,LAUST410000000000003,2022,M11,November,3.9
OR,LAUST410000000000003,2022,M12,December,3.9
OR,LAUST410000000000003,2023,M01,January,4.5
OR,LAUST410000000000003,2023,M02,February,4.1
OR,LAUST410000000000003,2023,M03,March,3.8
OR,LAUST410000000000003,2023,M04,April,3.0
OR,LAUST410000000000003,2023,M05,May,3.4
OR,LAUST410000000000003,2023,M06,June,3.7
OR,LAUST410000000000003,2023,M07,July,3.9
OR,LAUST410000000000003,2023,M08,August,4.0
OR,LAUST410000000000003,2023,M09,September,3.7
OR,LAUST410000000000003,2023,M10,October,3.6
OR,LAUST410000000000003,2023,M11,November,3.6
OR,LAUST410000000000003,2023,M12,December,4.0
OR,LAUST410000000000003,2024,M01,January,4.8
OR,LAUST410000000000003,2024,M02,February,4.6
OR,LAUST410000000000003,2024,M03,March,4.4
OR,LAUST410000000000003,2024,M04,April,3.7
OR,LAUST410000000000003,2024,M05,May,3.7
OR,LAUST410000000000003,2024,M06,June,4.1
OR,LAUST410000000000003,2024,M07,July,4.7
OR,LAUST410000000000003,2024,M08,August,4.5
OR,LAUST410000000000003,2024,M09,September,4.1
OR,LAUST410000000000003,2024,M10,October,4.1
OR,LAUST410000000000003,2024,M11,November,4.2
OR,LAUST410000000000003,2024,M12,December,4.6
OR,LAUST410000000000003,2025,M01,January,5.5
OR,LAUST410000000000003,2025,M02,February,5.3
OR,LAUST410000000000003,2025,M03,March,5.3
OR,LAUST410000000000003,2025,M04,April,4.6
OR,LAUST410000000000003,2025,M05,May,4.8
OR,LAUST410000000000003,2025,M06,June,5.1
OR,LAUST410000000000003,2025,M07,July,5.5
OR,LAUST410000000000003,2025,M08,August,5.5
OR,LAUST410000000000003,2025,M09,September,5.3
OR,LAUST410000000000003,2025,M11,November,5.0
OR,LAUST410000000000003,2025,M12,December,5.1
OR,LAUST410000000000003,2026,M01,January,5.9
OR,LAUST410000000000003,2026,M02,February,5.7
OR,LAUST410000000000003,2026,M03,March,5.3
OR,LAUST410000000000003,2026,M04,April,4.7
OR,LAUST410000000000003,2026,M05,May,4.8
OR,LAUST410000000000003,2026,M06,June,5.3
OR,LAUST410000000000003,2026,M07,July,5.3
OR,LAUST410000000000003,2026,M08,August,5.1
PA,LAUST420000000000003,2022,M01,January,4.8
PA,LAUST420000000000003,2022,M02,February,4.6
PA,LAUST420000000000003,2022,M03,March,4.2
PA,LAUST420000000000003,2022,M04,April,3.8
PA,LAUST420000000000003,2022,M05,May,4.0
PA,LAUST420000000000003,2022,M06,June,4.6
PA,LAUST420000000000003,2022,M07,July,4.6
PA,LAUST420000000000003,2022,M08,August,5.0
PA,LAUST420000000000003,2022,M09,September,3.6
PA,LAUST420000000000003,2022,M10,October,3.7
PA,LAUST420000000000003,2022,M11,November,3.5
PA,LAUST420000000000003,2022,M12,December,3.4
PA,LAUST420000000000003,2023,M01,January,4.2
PA,LAUST420000000000003,2023,M02,February,4.2
PA,LAUST420000000000003,2023,M03,March,3.7
PA,LAUST420000000000003,2023,M04,April,3.1
PA,LAUST420000000000003,2023,M05,May,3.4
PA,LAUST420000000000003,2023,M06,June,3.8
PA,LAUST420000000000003,2023,M07,July,3.9
PA,LAUST420000000000003,2023,M08,August,4.4
PA,LAUST420000000000003,2023,M09,September,3.4
PA,LAUST420000000000003,2023,M10,October,3.5
PA,LAUST420000000000003,2023,M11,November,3.2
PA,LAUST420000000000003,2023,M12,December,3.3
PA,LAUST420000000000003,2024,M01,January,3.9
PA,LAUST420000000000003,2024,M02,February,4.1
PA,LAUST420000000000003,2024,M03,March,3.7
PA,LAUST420000000000003,2024,M04,April,3.2
PA,LAUST420000000000003,2024,M05,May,3.4
PA,LAUST420000000000003,2024,M06,June,4.1
PA,LAUST420000000000003,2024,M07,July,4.4
PA,LAUST420000000000003,2024,M08,August,4.6
PA,LAUST420000000000003,2024,M09,September,3.5
PA,LAUST420000000000003,2024,M10,October,3.7
PA,LAUST420000000000003,2024,M11,November,3.6
PA,LAUST420000000000003,2024,M12,December,3.6
PA,LAUST420000000000003,2025,M01,January,4.4
PA,LAUST420000000000003,2025,M02,February,4.5
PA,LAUST420000000000003,2025,M03,March,4.1
PA,LAUST420000000000003,2025,M04,April,3.7
PA,LAUST420000000000003,2025,M05,May,4.0
PA,LAUST420000000000003,2025,M06,June,4.5
PA,LAUST420000000000003,2025,M07,July,4.8
PA,LAUST420000000000003,2025,M08,August,5.2
PA,LAUST420000000000003,2025,M09,September,4.3
PA,LAUST420000000000003,2025,M11,November,3.9
PA,LAUST420000000000003,2025,M12,December,3.7
PA,LAUST420000000000003,2026,M01,January,4.3
PA,LAUST420000000000003,2026,M02,February,4.6
PA,LAUST420000000000003,2026,M03,March,4.1
PA,LAUST420000000000003,2026,M04,April,3.7
PA,LAUST420000000000003,2026,M05,May,3.9
PA,LAUST420000000000003,2026,M06,June,3.9
PA,LAUST420000000000003,2026,M07,July,3.8
PA,LAUST420000000000003,2026,M08,August,4.1
TX,LAUST480000000000003,2022,M01,January,4.7
TX,LAUST480000000000003,2022,M02,February,4.3
TX,LAUST480000000000003,2022,M03,March,3.8
TX,LAUST480000000000003,2022,M04,April,3.5
TX,LAUST480000000000003,2022,M05,May,3.6
TX,LAUST480000000000003,2022,M06,June,4.2
TX,LAUST480000000000003,2022,M07,July,4.1
TX,LAUST480000000000003,2022,M08,August,4.0
TX,LAUST480000000000003,2022,M09,September,3.8
TX,LAUST480000000000003,2022,M10,October,3.8
TX,LAUST480000000000003,2022,M11,November,3.8
TX,LAUST480000000000003,2022,M12,December,3.7
TX,LAUST480000000000003,2023,M01,January,4.3
TX,LAUST480000000000003,2023,M02,February,4.4
TX,LAUST480000000000003,2023,M03,March,4.0
TX,LAUST480000000000003,2023,M04,April,3.5
TX,LAUST480000000000003,2023,M05,May,3.9
TX,LAUST480000000000003,2023,M06,June,4.2
TX,LAUST480000000000003,2023,M07,July,4.2
TX,LAUST480000000000003,2023,M08,August,4.3
TX,LAUST480000000000003,2023,M09,September,4.0
TX,LAUST480000000000003,2023,M10,October,3.8
TX,LAUST480000000000003,2023,M11,November,3.7
TX,LAUST480000000000003,2023,M12,December,3.7
TX,LAUST480000000000003,2024,M01,January,4.1
TX,LAUST480000000000003,2024,M02,February,4.3
TX,LAUST480000000000003,2024,M03,March,3.9
TX,LAUST480000000000003,2024,M04,April,3.6
TX,LAUST480000000000003,2024,M05,May,3.8
TX,LAUST480000000000003,2024,M06,June,4.5
TX,LAUST480000000000003,2024,M07,July,4.6
TX,LAUST480000000000003,2024,M08,August,4.5
TX,LAUST480000000000003,2024,M09,September,4.1
TX,LAUST480000000000003,2024,M10,October,4.1
TX,LAUST480000000000003,2024,M11,November,4.1
TX,LAUST480000000000003,2024,M12,December,3.8
TX,LAUST480000000000003,2025,M01,January,4.2
TX,LAUST480000000000003,2025,M02,February,4.3
TX,LAUST480000000000003,2025,M03,March,4.0
TX,LAUST480000000000003,2025,M04,April,3.7
TX,LAUST480000000000003,2025,M05,May,4.0
TX,LAUST480000000000003,2025,M06,June,4.2
TX,LAUST480000000000003,2025,M07,July,4.5
TX,LAUST480000000000003,2025,M08,August,4.6
TX,LAUST480000000000003,2025,M09,September,4.4
TX,LAUST480000000000003,2025,M11,November,4.3
TX,LAUST480000000000003,2025,M12,December,3.9
TX,LAUST480000000000003,2026,M01,January,4.5
TX,LAUST480000000000003,2026,M02,February,4.4
TX,LAUST480000000000003,2026,M03,March,4.1
TX,LAUST480000000000003,2026,M04,April,4.0
TX,LAUST480000000000003,2026,M05,May,4.3
TX,LAUST480000000000003,2026,M06,June,4.9
TX,LAUST480000000000003,2026,M07,July,4.8
TX,LAUST480000000000003,2026,M08,August,4.6
VA,LAUST510000000000003,2022,M01,January,2.7
VA,LAUST510000000000003,2022,M02,February,2.6
VA,LAUST510000000000003,2022,M03,March,2.5
VA,LAUST510000000000003,2022,M04,April,2.3
VA,LAUST510000000000003,2022,M05,May,2.7
VA,LAUST510000000000003,2022,M06,June,2.9
VA,LAUST510000000000003,2022,M07,July,2.9
VA,LAUST510000000000003,2022,M08,August,3.2
VA,LAUST510000000000003,2022,M09,September,2.8
VA,LAUST510000000000003,2022,M10,October,2.7
VA,LAUST510000000000003,2022,M11,November,2.8
VA,LAUST510000000000003,2022,M12,December,2.4
VA,LAUST510000000000003,2023,M01,January,2.9
VA,LAUST510000000000003,2023,M02,February,2.8
VA,LAUST510000000000003,2023,M03,March,2.7
VA,LAUST510000000000003,2023,M04,April,2.3
VA,LAUST510000000000003,2023,M05,May,2.7
VA,LAUST510000000000003,2023,M06,June,2.8
VA,LAUST510000000000003,2023,M07,July,2.7
VA,LAUST510000000000003,2023,M08,August,3.0
VA,LAUST510000000000003,2023,M09,September,2.8
VA,LAUST510000000000003,2023,M10,October,2.7
VA,LAUST510000000000003,2023,M11,November,2.6
VA,LAUST510000000000003,2023,M12,December,2.4
VA,LAUST510000000000003,2024,M01,January,2.8
VA,LAUST510000000000003,2024,M02,February,2.9
VA,LAUST510000000000003,2024,M03,March,2.7
VA,LAUST510000000000003,2024,M04,April,2.5
VA,LAUST510000000000003,2024,M05,May,2.8
VA,LAUST510000000000003,2024,M06,June,3.1
VA,LAUST510000000000003,2024,M07,July,3.2
VA,LAUST510000000000003,2024,M08,August,3.4
VA,LAUST510000000000003,2024,M09,September,2.9
VA,LAUST510000000000003,2024,M10,October,2.9
VA,LAUST510000000000003,2024,M11,November,3.1
VA,LAUST510000000000003,2024,M12,December,2.7
VA,LAUST510000000000003,2025,M01,January,3.2
VA,LAUST510000000000003,2025,M02,February,3.3
VA,LAUST510000000000003,2025,M03,March,3.3
VA,LAUST510000000000003,2025,M04,April,3.0
VA,LAUST510000000000003,2025,M05,May,3.3
VA,LAUST510000000000003,2025,M06,June,3.5
VA,LAUST510000000000003,2025,M07,July,3.5
VA,LAUST510000000000003,2025,M08,August,3.6
VA,LAUST510000000000003,2025,M09,September,3.4
VA,LAUST510000000000003,2025,M11,November,3.9
VA,LAUST510000000000003,2025,M12,December,3.5
VA,LAUST510000000000003,2026,M01,January,3.9
VA,LAUST510000000000003,2026,M02,February,3.9
VA,LAUST510000000000003,2026,M03,March,3.8
VA,LAUST510000000000003,2026,M04,April,3.4
VA,LAUST510000000000003,2026,M05,May,3.6
VA,LAUST510000000000003,2026,M06,June,3.9
VA,LAUST510000000000003,2026,M07,July,3.7
VA,LAUST510000000000003,2026,M08,August,3.6
WA,LAUST530000000000003,2022,M01,January,4.7
WA,LAUST530000000000003,2022,M02,February,4.4
WA,LAUST530000000000003,2022,M03,March,4.1
WA,LAUST530000000000003,2022,M04,April,3.6
WA,LAUST530000000000003,2022,M05,May,3.7
WA,LAUST530000000000003,2022,M06,June,3.9
WA,LAUST530000000000003,2022,M07,July,4.0
WA,LAUST530000000000003,2022,M08,August,4.4
WA,LAUST530000000000003,2022,M09,September,3.9
WA,LAUST530000000000003,2022,M10,October,4.0
WA,LAUST530000000000003,2022,M11,November,4.1
WA,LAUST530000000000003,2022,M12,December,4.2
WA,LAUST530000000000003,2023,M01,January,4.5
WA,LAUST530000000000003,2023,M02,February,4.6
WA,LAUST530000000000003,2023,M03,March,4.1
WA,LAUST530000000000003,2023,M04,April,3.6
WA,LAUST530000000000003,2023,M05,May,3.7
WA,LAUST530000000000003,2023,M06,June,3.8
WA,LAUST530000000000003,2023,M07,July,4.0
WA,LAUST530000000000003,2023,M08,August,4.5
WA,LAUST530000000000003,2023,M09,September,4.2
WA,LAUST530000000000003,2023,M10,October,4.4
WA,LAUST530000000000003,2023,M11,November,4.4
WA,LAUST530000000000003,2023,M12,December,4.7
WA,LAUST530000000000003,2024,M01,January,5.0
WA,LAUST530000000000003,2024,M02,February,5.1
WA,LAUST530000000000003,2024,M03,March,4.7
WA,LAUST530000000000003,2024,M04,April,4.1
WA,LAUST530000000000003,2024,M05,May,4.3
WA,LAUST530000000000003,2024,M06,June,4.4
WA,LAUST530000000000003,2024,M07,July,4.7
WA,LAUST530000000000003,2024,M08,August,4.7
WA,LAUST530000000000003,2024,M09,September,4.1
WA,LAUST530000000000003,2024,M10,October,4.2
WA,LAUST530000000000003,2024,M11,November,4.3
WA,LAUST530000000000003,2024,M12,December,4.3
WA,LAUST530000000000003,2025,M01,January,4.7
WA,LAUST530000000000003,2025,M02,February,5.0
WA,LAUST530000000000003,2025,M03,March,4.6
WA,LAUST530000000000003,2025,M04,April,4.2
WA,LAUST530000000000003,2025,M05,May,4.3
WA,LAUST530000000000003,2025,M06,June,4.3
WA,LAUST530000000000003,2025,M07,July,4.6
WA,LAUST530000000000003,2025,M08,August,4.7
WA,LAUST530000000000003,2025,M09,September,4.5
WA,LAUST530000000000003,2025,M11,November,5.3
WA,LAUST530000000000003,2025,M12,December,5.3
WA,LAUST530000000000003,2026,M01,January,5.8
WA,LAUST530000000000003,2026,M02,February,5.7
WA,LAUST530000000000003,2026,M03,March,5.1
WA,LAUST530000000000003,2026,M04,April,5.1
WA,LAUST530000000000003,2026,M05,May,4.8
WA,LAUST530000000000003,2026,M06,June,4.7
WA,LAUST530000000000003,2026,M07,July,4.5
WA,LAUST530000000000003,2026,M08,August,4.7
WI,LAUST550000000000003,2022,M01,January,3.5
WI,LAUST550000000000003,2022,M02,February,3.6
WI,LAUST550000000000003,2022,M03,March,3.4
WI,LAUST550000000000003,2022,M04,April,2.9
WI,LAUST550000000000003,2022,M05,May,2.6
WI,LAUST550000000000003,2022,M06,June,3.2
WI,LAUST550000000000003,2022,M07,July,3.0
WI,LAUST550000000000003,2022,M08,August,2.9
WI,LAUST550000000000003,2022,M09,September,2.4
WI,LAUST550000000000003,2022,M10,October,2.2
WI,LAUST550000000000003,2022,M11,November,2.2
WI,LAUST550000000000003,2022,M12,December,2.2
WI,LAUST550000000000003,2023,M01,January,2.9
WI,LAUST550000000000003,2023,M02,February,3.2
WI,LAUST550000000000003,2023,M03,March,3.0
WI,LAUST550000000000003,2023,M04,April,2.6
WI,LAUST550000000000003,2023,M05,May,2.7
WI,LAUST550000000000003,2023,M06,June,3.2
WI,LAUST550000000000003,2023,M07,July,3.0
WI,LAUST550000000000003,2023,M08,August,3.2
WI,LAUST550000000000003,2023,M09,September,2.6
WI,LAUST550000000000003,2023,M10,October,2.5
WI,LAUST550000000000003,2023,M11,November,2.4
WI,LAUST550000000000003,2023,M12,December,2.5
WI,LAUST550000000000003,2024,M01,January,3.0
WI,LAUST550000000000003,2024,M02,February,3.5
WI,LAUST550000000000003,2024,M03,March,3.5
WI,LAUST550000000000003,2024,M04,April,3.0
WI,LAUST550000000000003,2024,M05,May,2.8
WI,LAUST550000000000003,2024,M06,June,3.3
WI,LAUST550000000000003,2024,M07,July,3.3
WI,LAUST550000000000003,2024,M08,August,3.0
WI,LAUST550000000000003,2024,M09,September,2.6
WI,LAUST550000000000003,2024,M10,October,2.5
WI,LAUST550000000000003,2024,M11,November,2.7
WI,LAUST550000000000003,2024,M12,December,2.9
WI,LAUST550000000000003,2025,M01,January,3.5
WI,LAUST550000000000003,2025,M02,February,3.9
WI,LAUST550000000000003,2025,M03,March,3.7
WI,LAUST550000000000003,2025,M04,April,3.2
WI,LAUST550000000000003,2025,M05,May,3.0
WI,LAUST550000000000003,2025,M06,June,3.3
WI,LAUST550000000000003,2025,M07,July,3.3
WI,LAUST550000000000003,2025,M08,August,3.1
WI,LAUST550000000000003,2025,M09,September,2.7
WI,LAUST550000000000003,2025,M11,November,2.9
WI,LAUST550000000000003,2025,M12,December,3.0
WI,LAUST550000000000003,2026,M01,January,3.9
WI,LAUST550000000000003,2026,M02,February,4.3
WI,LAUST550000000000003,2026,M03,March,4.0
WI,LAUST550000000000003,2026,M04,April,3.4
WI,LAUST550000000000003,2026,M05,May,2.9
WI,LAUST550000000000003,2026,M06,June,3.4
WI,LAUST550000000000003,2026,M07,July,3.4
WI,LAUST550000000000003,2026,M08,August,3.4
